-- MySQL dump 10.13  Distrib 5.7.22, for Linux (x86_64)
--
-- Host: localhost    Database: BPBL1
-- ------------------------------------------------------
-- Server version	5.7.22-0ubuntu0.16.04.1

/*!40101 SET @OLD_CHARACTER_SET_CLIENT=@@CHARACTER_SET_CLIENT */;
/*!40101 SET @OLD_CHARACTER_SET_RESULTS=@@CHARACTER_SET_RESULTS */;
/*!40101 SET @OLD_COLLATION_CONNECTION=@@COLLATION_CONNECTION */;
/*!40101 SET NAMES utf8 */;
/*!40103 SET @OLD_TIME_ZONE=@@TIME_ZONE */;
/*!40103 SET TIME_ZONE='+00:00' */;
/*!40014 SET @OLD_UNIQUE_CHECKS=@@UNIQUE_CHECKS, UNIQUE_CHECKS=0 */;
/*!40014 SET @OLD_FOREIGN_KEY_CHECKS=@@FOREIGN_KEY_CHECKS, FOREIGN_KEY_CHECKS=0 */;
/*!40101 SET @OLD_SQL_MODE=@@SQL_MODE, SQL_MODE='NO_AUTO_VALUE_ON_ZERO' */;
/*!40111 SET @OLD_SQL_NOTES=@@SQL_NOTES, SQL_NOTES=0 */;

--
-- Table structure for table `ar_internal_metadata`
--

DROP TABLE IF EXISTS `ar_internal_metadata`;
/*!40101 SET @saved_cs_client     = @@character_set_client */;
/*!40101 SET character_set_client = utf8 */;
CREATE TABLE `ar_internal_metadata` (
  `key` varchar(255) NOT NULL,
  `value` varchar(255) DEFAULT NULL,
  `created_at` datetime NOT NULL,
  `updated_at` datetime NOT NULL,
  PRIMARY KEY (`key`)
) ENGINE=InnoDB DEFAULT CHARSET=utf8;
/*!40101 SET character_set_client = @saved_cs_client */;

--
-- Dumping data for table `ar_internal_metadata`
--

LOCK TABLES `ar_internal_metadata` WRITE;
/*!40000 ALTER TABLE `ar_internal_metadata` DISABLE KEYS */;
INSERT INTO `ar_internal_metadata` VALUES ('environment','development','2018-06-08 11:45:40','2018-06-19 10:46:28');
/*!40000 ALTER TABLE `ar_internal_metadata` ENABLE KEYS */;
UNLOCK TABLES;

--
-- Table structure for table `attendances`
--

DROP TABLE IF EXISTS `attendances`;
/*!40101 SET @saved_cs_client     = @@character_set_client */;
/*!40101 SET character_set_client = utf8 */;
CREATE TABLE `attendances` (
  `id` bigint(20) NOT NULL AUTO_INCREMENT,
  `user_id` bigint(20) NOT NULL,
  `date` date NOT NULL,
  `atnd1` int(11) DEFAULT NULL,
  `atnd2` int(11) DEFAULT NULL,
  `atnd3` int(11) DEFAULT NULL,
  `atnd4` int(11) DEFAULT NULL,
  `atnd5` int(11) DEFAULT NULL,
  `come_at` time DEFAULT NULL,
  `left_at` time DEFAULT NULL,
  `created_at` datetime NOT NULL,
  `updated_at` datetime NOT NULL,
  PRIMARY KEY (`id`),
  KEY `index_attendances_on_user_id` (`user_id`),
  CONSTRAINT `fk_rails_77ad02f5c5` FOREIGN KEY (`user_id`) REFERENCES `users` (`id`)
) ENGINE=InnoDB AUTO_INCREMENT=661 DEFAULT CHARSET=utf8;
/*!40101 SET character_set_client = @saved_cs_client */;

--
-- Dumping data for table `attendances`
--

LOCK TABLES `attendances` WRITE;
/*!40000 ALTER TABLE `attendances` DISABLE KEYS */;
INSERT INTO `attendances` VALUES (1,1,'2018-04-11',0,0,0,0,0,'08:53:11','15:02:23','2018-06-14 10:51:31','2018-06-14 10:51:31'),(2,1,'2018-04-12',0,0,0,0,0,'08:53:11','15:02:23','2018-06-14 10:51:31','2018-06-14 10:51:31'),(3,1,'2018-04-13',0,0,0,0,0,'08:53:11','15:02:23','2018-06-14 10:51:31','2018-06-14 10:51:31'),(4,1,'2018-04-16',0,0,0,0,0,'08:53:11','15:02:23','2018-06-14 10:51:31','2018-06-14 10:51:31'),(5,1,'2018-04-17',0,0,0,0,0,'08:53:11','15:02:23','2018-06-14 10:51:31','2018-06-14 10:51:31'),(6,1,'2018-04-18',0,0,0,0,0,'08:53:11','15:02:23','2018-06-14 10:51:31','2018-06-14 10:51:31'),(7,1,'2018-04-19',0,0,0,0,0,'08:53:11','15:02:23','2018-06-14 10:51:31','2018-06-14 10:51:31'),(8,1,'2018-04-20',0,0,0,0,0,'08:53:11','15:02:23','2018-06-14 10:51:31','2018-06-14 10:51:31'),(9,1,'2018-04-23',0,0,0,0,0,'08:53:11','15:02:23','2018-06-14 10:51:31','2018-06-14 10:51:31'),(10,1,'2018-04-24',0,0,0,0,0,'08:53:11','15:02:23','2018-06-14 10:51:31','2018-06-14 10:51:31'),(11,1,'2018-04-25',0,0,0,0,0,'08:53:11','15:02:23','2018-06-14 10:51:31','2018-06-14 10:51:31'),(12,1,'2018-04-26',0,0,0,0,0,'08:53:11','15:02:23','2018-06-14 10:51:31','2018-06-14 10:51:31'),(13,1,'2018-04-27',0,0,0,0,0,'08:53:11','15:02:23','2018-06-14 10:51:31','2018-06-14 10:51:31'),(14,1,'2018-04-30',0,0,0,0,0,'08:53:11','15:02:23','2018-06-14 10:51:31','2018-06-14 10:51:31'),(15,1,'2018-05-01',0,0,0,0,0,'08:53:11','15:02:23','2018-06-14 10:51:31','2018-06-14 10:51:31'),(16,1,'2018-05-02',0,0,0,0,0,'08:53:11','15:02:23','2018-06-14 10:51:31','2018-06-14 10:51:31'),(17,1,'2018-05-07',0,0,0,0,0,'08:53:11','15:02:23','2018-06-14 10:51:31','2018-06-14 10:51:31'),(18,1,'2018-05-08',0,0,0,0,0,'08:53:11','15:02:23','2018-06-14 10:51:31','2018-06-14 10:51:31'),(19,1,'2018-05-09',0,0,0,0,0,'08:53:11','15:02:23','2018-06-14 10:51:31','2018-06-14 10:51:31'),(20,1,'2018-05-10',0,0,0,0,0,'08:53:11','15:02:23','2018-06-14 10:51:31','2018-06-14 10:51:31'),(21,1,'2018-05-11',0,0,0,0,0,'08:53:11','15:02:23','2018-06-14 10:51:31','2018-06-14 10:51:31'),(22,1,'2018-05-14',0,0,0,0,0,'08:53:11','15:02:23','2018-06-14 10:51:31','2018-06-14 10:51:31'),(23,1,'2018-05-15',0,0,0,0,0,'08:53:11','15:02:23','2018-06-14 10:51:31','2018-06-14 10:51:31'),(24,1,'2018-05-16',0,0,0,0,0,'08:53:11','15:02:23','2018-06-14 10:51:31','2018-06-14 10:51:31'),(25,1,'2018-05-17',0,0,0,0,0,'08:53:11','15:02:23','2018-06-14 10:51:31','2018-06-14 10:51:31'),(26,1,'2018-05-18',0,0,0,0,0,'08:53:11','15:02:23','2018-06-14 10:51:32','2018-06-14 10:51:32'),(27,1,'2018-05-21',0,0,0,0,0,'08:53:11','15:02:23','2018-06-14 10:51:32','2018-06-14 10:51:32'),(28,1,'2018-05-22',0,0,0,0,0,'08:53:11','15:02:23','2018-06-14 10:51:32','2018-06-14 10:51:32'),(29,1,'2018-05-23',0,0,0,0,0,'08:53:11','15:02:23','2018-06-14 10:51:32','2018-06-14 10:51:32'),(30,1,'2018-05-24',0,0,0,0,0,'08:53:11','15:02:23','2018-06-14 10:51:32','2018-06-14 10:51:32'),(31,1,'2018-05-25',0,0,0,0,0,'08:53:11','15:02:23','2018-06-14 10:51:32','2018-06-14 10:51:32'),(32,1,'2018-05-28',0,0,0,0,0,'08:53:11','15:02:23','2018-06-14 10:51:32','2018-06-14 10:51:32'),(33,1,'2018-05-29',0,0,0,0,0,'08:53:11','15:02:23','2018-06-14 10:51:32','2018-06-14 10:51:32'),(34,1,'2018-05-30',0,0,0,0,0,'08:53:11','15:02:23','2018-06-14 10:51:32','2018-06-14 10:51:32'),(35,1,'2018-05-31',0,0,0,0,0,'08:53:11','15:02:23','2018-06-14 10:51:32','2018-06-14 10:51:32'),(36,1,'2018-06-04',0,0,0,0,0,'08:53:11','15:02:23','2018-06-14 10:51:32','2018-06-14 10:51:32'),(37,1,'2018-06-05',0,0,0,0,0,'08:53:11','15:02:23','2018-06-14 10:51:32','2018-06-14 10:51:32'),(38,1,'2018-06-06',0,0,0,0,0,'08:53:11','15:02:23','2018-06-14 10:51:32','2018-06-14 10:51:32'),(39,1,'2018-06-07',0,0,0,0,0,'08:53:11','15:02:23','2018-06-14 10:51:32','2018-06-14 10:51:32'),(40,1,'2018-06-08',0,0,0,0,0,'08:53:11','15:02:23','2018-06-14 10:51:32','2018-06-14 10:51:32'),(41,1,'2018-06-11',0,0,0,0,0,'08:53:11','15:02:23','2018-06-14 10:51:32','2018-06-14 10:51:32'),(42,1,'2018-06-12',0,0,0,0,0,'08:53:11','15:02:23','2018-06-14 10:51:32','2018-06-14 10:51:32'),(43,1,'2018-06-13',0,0,0,0,0,'08:53:11','15:02:23','2018-06-14 10:51:32','2018-06-14 10:51:32'),(44,2,'2018-04-11',0,0,0,0,0,'08:53:11','15:02:23','2018-06-14 10:51:32','2018-06-14 10:51:32'),(45,2,'2018-04-12',0,0,0,0,0,'08:53:11','15:02:23','2018-06-14 10:51:32','2018-06-14 10:51:32'),(46,2,'2018-04-13',0,0,0,0,0,'08:53:11','15:02:23','2018-06-14 10:51:32','2018-06-14 10:51:32'),(47,2,'2018-04-16',0,0,0,0,0,'08:53:11','15:02:23','2018-06-14 10:51:32','2018-06-14 10:51:32'),(48,2,'2018-04-17',0,0,0,0,0,'08:53:11','15:02:23','2018-06-14 10:51:32','2018-06-14 10:51:32'),(49,2,'2018-04-18',0,0,0,0,0,'08:53:11','15:02:23','2018-06-14 10:51:32','2018-06-14 10:51:32'),(50,2,'2018-04-19',0,0,0,0,0,'08:53:11','15:02:23','2018-06-14 10:51:32','2018-06-14 10:51:32'),(51,2,'2018-04-20',0,0,0,0,0,'08:53:11','15:02:23','2018-06-14 10:51:32','2018-06-14 10:51:32'),(52,2,'2018-04-23',0,0,0,0,0,'08:53:11','15:02:23','2018-06-14 10:51:32','2018-06-14 10:51:32'),(53,2,'2018-04-24',0,0,0,0,0,'08:53:11','15:02:23','2018-06-14 10:51:32','2018-06-14 10:51:32'),(54,2,'2018-04-25',0,0,0,0,0,'08:53:11','15:02:23','2018-06-14 10:51:32','2018-06-14 10:51:32'),(55,2,'2018-04-26',0,0,0,0,0,'08:53:11','15:02:23','2018-06-14 10:51:32','2018-06-14 10:51:32'),(56,2,'2018-04-27',0,0,0,0,0,'08:53:11','15:02:23','2018-06-14 10:51:32','2018-06-14 10:51:32'),(57,2,'2018-04-30',0,0,0,0,0,'08:53:11','15:02:23','2018-06-14 10:51:32','2018-06-14 10:51:32'),(58,2,'2018-05-01',0,0,0,0,0,'08:53:11','15:02:23','2018-06-14 10:51:32','2018-06-14 10:51:32'),(59,2,'2018-05-02',0,0,0,0,0,'08:53:11','15:02:23','2018-06-14 10:51:32','2018-06-14 10:51:32'),(60,2,'2018-05-07',0,0,0,0,0,'08:53:11','15:02:23','2018-06-14 10:51:32','2018-06-14 10:51:32'),(61,2,'2018-05-08',0,0,0,0,0,'08:53:11','15:02:23','2018-06-14 10:51:32','2018-06-14 10:51:32'),(62,2,'2018-05-09',0,0,0,0,0,'08:53:11','15:02:23','2018-06-14 10:51:32','2018-06-14 10:51:32'),(63,2,'2018-05-10',0,0,0,0,0,'08:53:11','15:02:23','2018-06-14 10:51:32','2018-06-14 10:51:32'),(64,2,'2018-05-11',0,0,0,0,0,'08:53:11','15:02:23','2018-06-14 10:51:32','2018-06-14 10:51:32'),(65,2,'2018-05-14',0,0,0,0,0,'08:53:11','15:02:23','2018-06-14 10:51:32','2018-06-14 10:51:32'),(66,2,'2018-05-15',0,0,0,0,0,'08:53:11','15:02:23','2018-06-14 10:51:32','2018-06-14 10:51:32'),(67,2,'2018-05-16',0,0,0,0,0,'08:53:11','15:02:23','2018-06-14 10:51:32','2018-06-14 10:51:32'),(68,2,'2018-05-17',0,0,0,0,0,'08:53:11','15:02:23','2018-06-14 10:51:32','2018-06-14 10:51:32'),(69,2,'2018-05-18',0,0,0,0,0,'08:53:11','15:02:23','2018-06-14 10:51:32','2018-06-14 10:51:32'),(70,2,'2018-05-21',0,0,0,0,0,'08:53:11','15:02:23','2018-06-14 10:51:32','2018-06-14 10:51:32'),(71,2,'2018-05-22',0,0,0,0,0,'08:53:11','15:02:23','2018-06-14 10:51:32','2018-06-14 10:51:32'),(72,2,'2018-05-23',0,0,0,0,0,'08:53:11','15:02:23','2018-06-14 10:51:32','2018-06-14 10:51:32'),(73,2,'2018-05-24',0,0,0,0,0,'08:53:11','15:02:23','2018-06-14 10:51:32','2018-06-14 10:51:32'),(74,2,'2018-05-25',0,0,0,0,0,'08:53:11','15:02:23','2018-06-14 10:51:32','2018-06-14 10:51:32'),(75,2,'2018-05-28',0,0,0,0,0,'08:53:11','15:02:23','2018-06-14 10:51:32','2018-06-14 10:51:32'),(76,2,'2018-05-29',0,0,0,0,0,'08:53:11','15:02:23','2018-06-14 10:51:32','2018-06-14 10:51:32'),(77,2,'2018-05-30',0,0,0,0,0,'08:53:11','15:02:23','2018-06-14 10:51:32','2018-06-14 10:51:32'),(78,2,'2018-05-31',0,0,0,0,0,'08:53:11','15:02:23','2018-06-14 10:51:32','2018-06-14 10:51:32'),(79,2,'2018-06-04',0,0,0,0,0,'08:53:11','15:02:23','2018-06-14 10:51:32','2018-06-14 10:51:32'),(80,2,'2018-06-05',0,0,0,0,0,'08:53:11','15:02:23','2018-06-14 10:51:33','2018-06-14 10:51:33'),(81,2,'2018-06-06',0,0,0,0,0,'08:53:11','15:02:23','2018-06-14 10:51:33','2018-06-14 10:51:33'),(82,2,'2018-06-07',0,0,0,0,0,'08:53:11','15:02:23','2018-06-14 10:51:33','2018-06-14 10:51:33'),(83,2,'2018-06-08',0,0,0,0,0,'08:53:11','15:02:23','2018-06-14 10:51:33','2018-06-14 10:51:33'),(84,2,'2018-06-11',0,0,0,0,0,'08:53:11','15:02:23','2018-06-14 10:51:33','2018-06-14 10:51:33'),(85,2,'2018-06-12',0,0,0,0,0,'08:53:11','15:02:23','2018-06-14 10:51:33','2018-06-14 10:51:33'),(86,2,'2018-06-13',0,0,0,0,0,'08:53:11','15:02:23','2018-06-14 10:51:33','2018-06-14 10:51:33'),(87,3,'2018-04-11',0,0,0,0,0,'08:53:11','15:02:23','2018-06-14 10:51:33','2018-06-14 10:51:33'),(88,3,'2018-04-12',0,0,0,0,0,'08:53:11','15:02:23','2018-06-14 10:51:33','2018-06-14 10:51:33'),(89,3,'2018-04-13',0,0,0,0,0,'08:53:11','15:02:23','2018-06-14 10:51:33','2018-06-14 10:51:33'),(90,3,'2018-04-16',0,0,0,0,0,'08:53:11','15:02:23','2018-06-14 10:51:33','2018-06-14 10:51:33'),(91,3,'2018-04-17',0,0,0,0,0,'08:53:11','15:02:23','2018-06-14 10:51:33','2018-06-14 10:51:33'),(92,3,'2018-04-18',0,0,0,0,0,'08:53:11','15:02:23','2018-06-14 10:51:33','2018-06-14 10:51:33'),(93,3,'2018-04-19',0,0,0,0,0,'08:53:11','15:02:23','2018-06-14 10:51:33','2018-06-14 10:51:33'),(94,3,'2018-04-20',0,0,0,0,0,'08:53:11','15:02:23','2018-06-14 10:51:33','2018-06-14 10:51:33'),(95,3,'2018-04-23',0,0,0,0,0,'08:53:11','15:02:23','2018-06-14 10:51:33','2018-06-14 10:51:33'),(96,3,'2018-04-24',0,0,0,0,0,'08:53:11','15:02:23','2018-06-14 10:51:33','2018-06-14 10:51:33'),(97,3,'2018-04-25',0,0,0,0,0,'08:53:11','15:02:23','2018-06-14 10:51:33','2018-06-14 10:51:33'),(98,3,'2018-04-26',0,0,0,0,0,'08:53:11','15:02:23','2018-06-14 10:51:33','2018-06-14 10:51:33'),(99,3,'2018-04-27',0,0,0,0,0,'08:53:11','15:02:23','2018-06-14 10:51:33','2018-06-14 10:51:33'),(100,3,'2018-04-30',0,0,0,0,0,'08:53:11','15:02:23','2018-06-14 10:51:33','2018-06-14 10:51:33'),(101,3,'2018-05-01',0,0,0,0,0,'08:53:11','15:02:23','2018-06-14 10:51:33','2018-06-14 10:51:33'),(102,3,'2018-05-02',0,0,0,0,0,'08:53:11','15:02:23','2018-06-14 10:51:33','2018-06-14 10:51:33'),(103,3,'2018-05-07',0,0,0,0,0,'08:53:11','15:02:23','2018-06-14 10:51:33','2018-06-14 10:51:33'),(104,3,'2018-05-08',0,0,0,0,0,'08:53:11','15:02:23','2018-06-14 10:51:33','2018-06-14 10:51:33'),(105,3,'2018-05-09',0,0,0,0,0,'08:53:11','15:02:23','2018-06-14 10:51:33','2018-06-14 10:51:33'),(106,3,'2018-05-10',0,0,0,0,0,'08:53:11','15:02:23','2018-06-14 10:51:33','2018-06-14 10:51:33'),(107,3,'2018-05-11',0,0,0,0,0,'08:53:11','15:02:23','2018-06-14 10:51:33','2018-06-14 10:51:33'),(108,3,'2018-05-14',0,0,0,0,0,'08:53:11','15:02:23','2018-06-14 10:51:33','2018-06-14 10:51:33'),(109,3,'2018-05-15',0,0,0,0,0,'08:53:11','15:02:23','2018-06-14 10:51:33','2018-06-14 10:51:33'),(110,3,'2018-05-16',0,0,0,0,0,'08:53:11','15:02:23','2018-06-14 10:51:33','2018-06-14 10:51:33'),(111,3,'2018-05-17',0,0,0,0,0,'08:53:11','15:02:23','2018-06-14 10:51:33','2018-06-14 10:51:33'),(112,3,'2018-05-18',0,0,0,0,0,'08:53:11','15:02:23','2018-06-14 10:51:33','2018-06-14 10:51:33'),(113,3,'2018-05-21',0,0,0,0,0,'08:53:11','15:02:23','2018-06-14 10:51:33','2018-06-14 10:51:33'),(114,3,'2018-05-22',0,0,0,0,0,'08:53:11','15:02:23','2018-06-14 10:51:33','2018-06-14 10:51:33'),(115,3,'2018-05-23',0,0,0,0,0,'08:53:11','15:02:23','2018-06-14 10:51:33','2018-06-14 10:51:33'),(116,3,'2018-05-24',0,0,0,0,0,'08:53:11','15:02:23','2018-06-14 10:51:33','2018-06-14 10:51:33'),(117,3,'2018-05-25',0,0,0,0,0,'08:53:11','15:02:23','2018-06-14 10:51:33','2018-06-14 10:51:33'),(118,3,'2018-05-28',0,0,0,0,0,'08:53:11','15:02:23','2018-06-14 10:51:33','2018-06-14 10:51:33'),(119,3,'2018-05-29',0,0,0,0,0,'08:53:11','15:02:23','2018-06-14 10:51:33','2018-06-14 10:51:33'),(120,3,'2018-05-30',0,0,0,0,0,'08:53:11','15:02:23','2018-06-14 10:51:33','2018-06-14 10:51:33'),(121,3,'2018-05-31',0,0,0,0,0,'08:53:11','15:02:23','2018-06-14 10:51:33','2018-06-14 10:51:33'),(122,3,'2018-06-04',0,0,0,0,0,'08:53:11','15:02:23','2018-06-14 10:51:33','2018-06-14 10:51:33'),(123,3,'2018-06-05',0,0,0,0,0,'08:53:11','15:02:23','2018-06-14 10:51:33','2018-06-14 10:51:33'),(124,3,'2018-06-06',0,0,0,0,0,'08:53:11','15:02:23','2018-06-14 10:51:33','2018-06-14 10:51:33'),(125,3,'2018-06-07',0,0,0,0,0,'08:53:11','15:02:23','2018-06-14 10:51:33','2018-06-14 10:51:33'),(126,3,'2018-06-08',0,0,0,0,0,'08:53:11','15:02:23','2018-06-14 10:51:33','2018-06-14 10:51:33'),(127,3,'2018-06-11',0,0,0,0,0,'08:53:11','15:02:23','2018-06-14 10:51:33','2018-06-14 10:51:33'),(128,3,'2018-06-12',0,0,0,0,0,'08:53:11','15:02:23','2018-06-14 10:51:33','2018-06-14 10:51:33'),(129,3,'2018-06-13',0,0,0,0,0,'08:53:11','15:02:23','2018-06-14 10:51:33','2018-06-14 10:51:33'),(130,4,'2018-04-11',0,0,0,0,0,'08:53:11','15:02:23','2018-06-14 10:51:33','2018-06-14 10:51:33'),(131,4,'2018-04-12',0,0,0,0,0,'08:53:11','15:02:23','2018-06-14 10:51:33','2018-06-14 10:51:33'),(132,4,'2018-04-13',0,0,0,0,0,'08:53:11','15:02:23','2018-06-14 10:51:33','2018-06-14 10:51:33'),(133,4,'2018-04-16',0,0,0,0,0,'08:53:11','15:02:23','2018-06-14 10:51:33','2018-06-14 10:51:33'),(134,4,'2018-04-17',0,0,0,0,0,'08:53:11','15:02:23','2018-06-14 10:51:33','2018-06-14 10:51:33'),(135,4,'2018-04-18',0,0,0,0,0,'08:53:11','15:02:23','2018-06-14 10:51:34','2018-06-14 10:51:34'),(136,4,'2018-04-19',0,0,0,0,0,'08:53:11','15:02:23','2018-06-14 10:51:34','2018-06-14 10:51:34'),(137,4,'2018-04-20',0,0,0,0,0,'08:53:11','15:02:23','2018-06-14 10:51:34','2018-06-14 10:51:34'),(138,4,'2018-04-23',0,0,0,0,0,'08:53:11','15:02:23','2018-06-14 10:51:34','2018-06-14 10:51:34'),(139,4,'2018-04-24',0,0,0,0,0,'08:53:11','15:02:23','2018-06-14 10:51:34','2018-06-14 10:51:34'),(140,4,'2018-04-25',0,0,0,0,0,'08:53:11','15:02:23','2018-06-14 10:51:34','2018-06-14 10:51:34'),(141,4,'2018-04-26',0,0,0,0,0,'08:53:11','15:02:23','2018-06-14 10:51:34','2018-06-14 10:51:34'),(142,4,'2018-04-27',0,0,0,0,0,'08:53:11','15:02:23','2018-06-14 10:51:34','2018-06-14 10:51:34'),(143,4,'2018-04-30',0,0,0,0,0,'08:53:11','15:02:23','2018-06-14 10:51:34','2018-06-14 10:51:34'),(144,4,'2018-05-01',0,0,0,0,0,'08:53:11','15:02:23','2018-06-14 10:51:34','2018-06-14 10:51:34'),(145,4,'2018-05-02',0,0,0,0,0,'08:53:11','15:02:23','2018-06-14 10:51:34','2018-06-14 10:51:34'),(146,4,'2018-05-07',0,0,0,0,0,'08:53:11','15:02:23','2018-06-14 10:51:34','2018-06-14 10:51:34'),(147,4,'2018-05-08',0,0,0,0,0,'08:53:11','15:02:23','2018-06-14 10:51:34','2018-06-14 10:51:34'),(148,4,'2018-05-09',0,0,0,0,0,'08:53:11','15:02:23','2018-06-14 10:51:34','2018-06-14 10:51:34'),(149,4,'2018-05-10',0,0,0,0,0,'08:53:11','15:02:23','2018-06-14 10:51:34','2018-06-14 10:51:34'),(150,4,'2018-05-11',0,0,0,0,0,'08:53:11','15:02:23','2018-06-14 10:51:34','2018-06-14 10:51:34'),(151,4,'2018-05-14',0,0,0,0,0,'08:53:11','15:02:23','2018-06-14 10:51:34','2018-06-14 10:51:34'),(152,4,'2018-05-15',0,0,0,0,0,'08:53:11','15:02:23','2018-06-14 10:51:34','2018-06-14 10:51:34'),(153,4,'2018-05-16',0,0,0,0,0,'08:53:11','15:02:23','2018-06-14 10:51:34','2018-06-14 10:51:34'),(154,4,'2018-05-17',0,0,0,0,0,'08:53:11','15:02:23','2018-06-14 10:51:34','2018-06-14 10:51:34'),(155,4,'2018-05-18',0,0,0,0,0,'08:53:11','15:02:23','2018-06-14 10:51:34','2018-06-14 10:51:34'),(156,4,'2018-05-21',0,0,0,0,0,'08:53:11','15:02:23','2018-06-14 10:51:34','2018-06-14 10:51:34'),(157,4,'2018-05-22',0,0,0,0,0,'08:53:11','15:02:23','2018-06-14 10:51:34','2018-06-14 10:51:34'),(158,4,'2018-05-23',0,0,0,0,0,'08:53:11','15:02:23','2018-06-14 10:51:34','2018-06-14 10:51:34'),(159,4,'2018-05-24',0,0,0,0,0,'08:53:11','15:02:23','2018-06-14 10:51:34','2018-06-14 10:51:34'),(160,4,'2018-05-25',0,0,0,0,0,'08:53:11','15:02:23','2018-06-14 10:51:34','2018-06-14 10:51:34'),(161,4,'2018-05-28',0,0,0,0,0,'08:53:11','15:02:23','2018-06-14 10:51:34','2018-06-14 10:51:34'),(162,4,'2018-05-29',0,0,0,0,0,'08:53:11','15:02:23','2018-06-14 10:51:34','2018-06-14 10:51:34'),(163,4,'2018-05-30',0,0,0,0,0,'08:53:11','15:02:23','2018-06-14 10:51:34','2018-06-14 10:51:34'),(164,4,'2018-05-31',0,0,0,0,0,'08:53:11','15:02:23','2018-06-14 10:51:34','2018-06-14 10:51:34'),(165,4,'2018-06-04',0,0,0,0,0,'08:53:11','15:02:23','2018-06-14 10:51:34','2018-06-14 10:51:34'),(166,4,'2018-06-05',0,0,0,0,0,'08:53:11','15:02:23','2018-06-14 10:51:34','2018-06-14 10:51:34'),(167,4,'2018-06-06',0,0,0,0,0,'08:53:11','15:02:23','2018-06-14 10:51:34','2018-06-14 10:51:34'),(168,4,'2018-06-07',0,0,0,0,0,'08:53:11','15:02:23','2018-06-14 10:51:34','2018-06-14 10:51:34'),(169,4,'2018-06-08',0,0,0,0,0,'08:53:11','15:02:23','2018-06-14 10:51:34','2018-06-14 10:51:34'),(170,4,'2018-06-11',0,0,0,0,0,'08:53:11','15:02:23','2018-06-14 10:51:34','2018-06-14 10:51:34'),(171,4,'2018-06-12',0,0,0,0,0,'08:53:11','15:02:23','2018-06-14 10:51:34','2018-06-14 10:51:34'),(172,4,'2018-06-13',0,0,0,0,0,'08:53:11','15:02:23','2018-06-14 10:51:34','2018-06-14 10:51:34'),(173,5,'2018-04-11',0,0,0,0,0,'08:53:11','15:02:23','2018-06-14 10:51:34','2018-06-14 10:51:34'),(174,5,'2018-04-12',0,0,0,0,0,'08:53:11','15:02:23','2018-06-14 10:51:34','2018-06-14 10:51:34'),(175,5,'2018-04-13',0,0,0,0,0,'08:53:11','15:02:23','2018-06-14 10:51:34','2018-06-14 10:51:34'),(176,5,'2018-04-16',0,0,0,0,0,'08:53:11','15:02:23','2018-06-14 10:51:34','2018-06-14 10:51:34'),(177,5,'2018-04-17',0,0,0,0,0,'08:53:11','15:02:23','2018-06-14 10:51:34','2018-06-14 10:51:34'),(178,5,'2018-04-18',0,0,0,0,0,'08:53:11','15:02:23','2018-06-14 10:51:34','2018-06-14 10:51:34'),(179,5,'2018-04-19',0,0,0,0,0,'08:53:11','15:02:23','2018-06-14 10:51:34','2018-06-14 10:51:34'),(180,5,'2018-04-20',0,0,0,0,0,'08:53:11','15:02:23','2018-06-14 10:51:34','2018-06-14 10:51:34'),(181,5,'2018-04-23',0,0,0,0,0,'08:53:11','15:02:23','2018-06-14 10:51:34','2018-06-14 10:51:34'),(182,5,'2018-04-24',0,0,0,0,0,'08:53:11','15:02:23','2018-06-14 10:51:34','2018-06-14 10:51:34'),(183,5,'2018-04-25',0,0,0,0,0,'08:53:11','15:02:23','2018-06-14 10:51:34','2018-06-14 10:51:34'),(184,5,'2018-04-26',0,0,0,0,0,'08:53:11','15:02:23','2018-06-14 10:51:34','2018-06-14 10:51:34'),(185,5,'2018-04-27',0,0,0,0,0,'08:53:11','15:02:23','2018-06-14 10:51:34','2018-06-14 10:51:34'),(186,5,'2018-04-30',0,0,0,0,0,'08:53:11','15:02:23','2018-06-14 10:51:34','2018-06-14 10:51:34'),(187,5,'2018-05-01',0,0,0,0,0,'08:53:11','15:02:23','2018-06-14 10:51:34','2018-06-14 10:51:34'),(188,5,'2018-05-02',0,0,0,0,0,'08:53:11','15:02:23','2018-06-14 10:51:34','2018-06-14 10:51:34'),(189,5,'2018-05-07',0,0,0,0,0,'08:53:11','15:02:23','2018-06-14 10:51:35','2018-06-14 10:51:35'),(190,5,'2018-05-08',0,0,0,0,0,'08:53:11','15:02:23','2018-06-14 10:51:35','2018-06-14 10:51:35'),(191,5,'2018-05-09',0,0,0,0,0,'08:53:11','15:02:23','2018-06-14 10:51:35','2018-06-14 10:51:35'),(192,5,'2018-05-10',0,0,0,0,0,'08:53:11','15:02:23','2018-06-14 10:51:35','2018-06-14 10:51:35'),(193,5,'2018-05-11',0,0,0,0,0,'08:53:11','15:02:23','2018-06-14 10:51:35','2018-06-14 10:51:35'),(194,5,'2018-05-14',0,0,0,0,0,'08:53:11','15:02:23','2018-06-14 10:51:35','2018-06-14 10:51:35'),(195,5,'2018-05-15',0,0,0,0,0,'08:53:11','15:02:23','2018-06-14 10:51:35','2018-06-14 10:51:35'),(196,5,'2018-05-16',0,0,0,0,0,'08:53:11','15:02:23','2018-06-14 10:51:35','2018-06-14 10:51:35'),(197,5,'2018-05-17',0,0,0,0,0,'08:53:11','15:02:23','2018-06-14 10:51:35','2018-06-14 10:51:35'),(198,5,'2018-05-18',0,0,0,0,0,'08:53:11','15:02:23','2018-06-14 10:51:35','2018-06-14 10:51:35'),(199,5,'2018-05-21',0,0,0,0,0,'08:53:11','15:02:23','2018-06-14 10:51:35','2018-06-14 10:51:35'),(200,5,'2018-05-22',0,0,0,0,0,'08:53:11','15:02:23','2018-06-14 10:51:35','2018-06-14 10:51:35'),(201,5,'2018-05-23',0,0,0,0,0,'08:53:11','15:02:23','2018-06-14 10:51:35','2018-06-14 10:51:35'),(202,5,'2018-05-24',0,0,0,0,0,'08:53:11','15:02:23','2018-06-14 10:51:35','2018-06-14 10:51:35'),(203,5,'2018-05-25',0,0,0,0,0,'08:53:11','15:02:23','2018-06-14 10:51:35','2018-06-14 10:51:35'),(204,5,'2018-05-28',0,0,0,0,0,'08:53:11','15:02:23','2018-06-14 10:51:35','2018-06-14 10:51:35'),(205,5,'2018-05-29',0,0,0,0,0,'08:53:11','15:02:23','2018-06-14 10:51:35','2018-06-14 10:51:35'),(206,5,'2018-05-30',0,0,0,0,0,'08:53:11','15:02:23','2018-06-14 10:51:35','2018-06-14 10:51:35'),(207,5,'2018-05-31',0,0,0,0,0,'08:53:11','15:02:23','2018-06-14 10:51:35','2018-06-14 10:51:35'),(208,5,'2018-06-04',0,0,0,0,0,'08:53:11','15:02:23','2018-06-14 10:51:35','2018-06-14 10:51:35'),(209,5,'2018-06-05',0,0,0,0,0,'08:53:11','15:02:23','2018-06-14 10:51:35','2018-06-14 10:51:35'),(210,5,'2018-06-06',0,0,0,0,0,'08:53:11','15:02:23','2018-06-14 10:51:35','2018-06-14 10:51:35'),(211,5,'2018-06-07',0,0,0,0,0,'08:53:11','15:02:23','2018-06-14 10:51:35','2018-06-14 10:51:35'),(212,5,'2018-06-08',0,0,0,0,0,'08:53:11','15:02:23','2018-06-14 10:51:35','2018-06-14 10:51:35'),(213,5,'2018-06-11',0,0,0,0,0,'08:53:11','15:02:23','2018-06-14 10:51:35','2018-06-14 10:51:35'),(214,5,'2018-06-12',0,0,0,0,0,'08:53:11','15:02:23','2018-06-14 10:51:35','2018-06-14 10:51:35'),(215,5,'2018-06-13',0,0,0,0,0,'08:53:11','15:02:23','2018-06-14 10:51:35','2018-06-14 10:51:35'),(216,6,'2018-04-11',0,0,0,0,0,'08:53:11','15:02:23','2018-06-14 10:51:35','2018-06-14 10:51:35'),(217,6,'2018-04-12',0,0,0,0,0,'08:53:11','15:02:23','2018-06-14 10:51:35','2018-06-14 10:51:35'),(218,6,'2018-04-13',0,0,0,0,0,'08:53:11','15:02:23','2018-06-14 10:51:35','2018-06-14 10:51:35'),(219,6,'2018-04-16',0,0,0,0,0,'08:53:11','15:02:23','2018-06-14 10:51:35','2018-06-14 10:51:35'),(220,6,'2018-04-17',0,0,0,0,0,'08:53:11','15:02:23','2018-06-14 10:51:35','2018-06-14 10:51:35'),(221,6,'2018-04-18',0,0,0,0,0,'08:53:11','15:02:23','2018-06-14 10:51:35','2018-06-14 10:51:35'),(222,6,'2018-04-19',0,0,0,0,0,'08:53:11','15:02:23','2018-06-14 10:51:35','2018-06-14 10:51:35'),(223,6,'2018-04-20',0,0,0,0,0,'08:53:11','15:02:23','2018-06-14 10:51:35','2018-06-14 10:51:35'),(224,6,'2018-04-23',0,0,0,0,0,'08:53:11','15:02:23','2018-06-14 10:51:35','2018-06-14 10:51:35'),(225,6,'2018-04-24',0,0,0,0,0,'08:53:11','15:02:23','2018-06-14 10:51:35','2018-06-14 10:51:35'),(226,6,'2018-04-25',0,0,0,0,0,'08:53:11','15:02:23','2018-06-14 10:51:35','2018-06-14 10:51:35'),(227,6,'2018-04-26',0,0,0,0,0,'08:53:11','15:02:23','2018-06-14 10:51:35','2018-06-14 10:51:35'),(228,6,'2018-04-27',0,0,0,0,0,'08:53:11','15:02:23','2018-06-14 10:51:35','2018-06-14 10:51:35'),(229,6,'2018-04-30',0,0,0,0,0,'08:53:11','15:02:23','2018-06-14 10:51:35','2018-06-14 10:51:35'),(230,6,'2018-05-01',0,0,0,0,0,'08:53:11','15:02:23','2018-06-14 10:51:35','2018-06-14 10:51:35'),(231,6,'2018-05-02',0,0,0,0,0,'08:53:11','15:02:23','2018-06-14 10:51:35','2018-06-14 10:51:35'),(232,6,'2018-05-07',0,0,0,0,0,'08:53:11','15:02:23','2018-06-14 10:51:35','2018-06-14 10:51:35'),(233,6,'2018-05-08',0,0,0,0,0,'08:53:11','15:02:23','2018-06-14 10:51:35','2018-06-14 10:51:35'),(234,6,'2018-05-09',0,0,0,0,0,'08:53:11','15:02:23','2018-06-14 10:51:35','2018-06-14 10:51:35'),(235,6,'2018-05-10',0,0,0,0,0,'08:53:11','15:02:23','2018-06-14 10:51:35','2018-06-14 10:51:35'),(236,6,'2018-05-11',0,0,0,0,0,'08:53:11','15:02:23','2018-06-14 10:51:35','2018-06-14 10:51:35'),(237,6,'2018-05-14',0,0,0,0,0,'08:53:11','15:02:23','2018-06-14 10:51:35','2018-06-14 10:51:35'),(238,6,'2018-05-15',0,0,0,0,0,'08:53:11','15:02:23','2018-06-14 10:51:35','2018-06-14 10:51:35'),(239,6,'2018-05-16',0,0,0,0,0,'08:53:11','15:02:23','2018-06-14 10:51:35','2018-06-14 10:51:35'),(240,6,'2018-05-17',0,0,0,0,0,'08:53:11','15:02:23','2018-06-14 10:51:35','2018-06-14 10:51:35'),(241,6,'2018-05-18',0,0,0,0,0,'08:53:11','15:02:23','2018-06-14 10:51:35','2018-06-14 10:51:35'),(242,6,'2018-05-21',0,0,0,0,0,'08:53:11','15:02:23','2018-06-14 10:51:35','2018-06-14 10:51:35'),(243,6,'2018-05-22',0,0,0,0,0,'08:53:11','15:02:23','2018-06-14 10:51:35','2018-06-14 10:51:35'),(244,6,'2018-05-23',0,0,0,0,0,'08:53:11','15:02:23','2018-06-14 10:51:36','2018-06-14 10:51:36'),(245,6,'2018-05-24',0,0,0,0,0,'08:53:11','15:02:23','2018-06-14 10:51:36','2018-06-14 10:51:36'),(246,6,'2018-05-25',0,0,0,0,0,'08:53:11','15:02:23','2018-06-14 10:51:36','2018-06-14 10:51:36'),(247,6,'2018-05-28',0,0,0,0,0,'08:53:11','15:02:23','2018-06-14 10:51:36','2018-06-14 10:51:36'),(248,6,'2018-05-29',0,0,0,0,0,'08:53:11','15:02:23','2018-06-14 10:51:36','2018-06-14 10:51:36'),(249,6,'2018-05-30',0,0,0,0,0,'08:53:11','15:02:23','2018-06-14 10:51:36','2018-06-14 10:51:36'),(250,6,'2018-05-31',0,0,0,0,0,'08:53:11','15:02:23','2018-06-14 10:51:36','2018-06-14 10:51:36'),(251,6,'2018-06-04',0,0,0,0,0,'08:53:11','15:02:23','2018-06-14 10:51:36','2018-06-14 10:51:36'),(252,6,'2018-06-05',0,0,0,0,0,'08:53:11','15:02:23','2018-06-14 10:51:36','2018-06-14 10:51:36'),(253,6,'2018-06-06',0,0,0,0,0,'08:53:11','15:02:23','2018-06-14 10:51:36','2018-06-14 10:51:36'),(254,6,'2018-06-07',0,0,0,0,0,'08:53:11','15:02:23','2018-06-14 10:51:36','2018-06-14 10:51:36'),(255,6,'2018-06-08',0,0,0,0,0,'08:53:11','15:02:23','2018-06-14 10:51:36','2018-06-14 10:51:36'),(256,6,'2018-06-11',0,0,0,0,0,'08:53:11','15:02:23','2018-06-14 10:51:36','2018-06-14 10:51:36'),(257,6,'2018-06-12',0,0,0,0,0,'08:53:11','15:02:23','2018-06-14 10:51:36','2018-06-14 10:51:36'),(258,6,'2018-06-13',0,0,0,0,0,'08:53:11','15:02:23','2018-06-14 10:51:36','2018-06-14 10:51:36'),(259,7,'2018-04-11',0,0,0,0,0,'08:53:11','15:02:23','2018-06-14 10:51:36','2018-06-14 10:51:36'),(260,7,'2018-04-12',0,0,0,0,0,'08:53:11','15:02:23','2018-06-14 10:51:36','2018-06-14 10:51:36'),(261,7,'2018-04-13',0,0,0,0,0,'08:53:11','15:02:23','2018-06-14 10:51:36','2018-06-14 10:51:36'),(262,7,'2018-04-16',0,0,0,0,0,'08:53:11','15:02:23','2018-06-14 10:51:36','2018-06-14 10:51:36'),(263,7,'2018-04-17',0,0,0,0,0,'08:53:11','15:02:23','2018-06-14 10:51:36','2018-06-14 10:51:36'),(264,7,'2018-04-18',0,0,0,0,0,'08:53:11','15:02:23','2018-06-14 10:51:36','2018-06-14 10:51:36'),(265,7,'2018-04-19',0,0,0,0,0,'08:53:11','15:02:23','2018-06-14 10:51:36','2018-06-14 10:51:36'),(266,7,'2018-04-20',0,0,0,0,0,'08:53:11','15:02:23','2018-06-14 10:51:36','2018-06-14 10:51:36'),(267,7,'2018-04-23',0,0,0,0,0,'08:53:11','15:02:23','2018-06-14 10:51:36','2018-06-14 10:51:36'),(268,7,'2018-04-24',0,0,0,0,0,'08:53:11','15:02:23','2018-06-14 10:51:36','2018-06-14 10:51:36'),(269,7,'2018-04-25',0,0,0,0,0,'08:53:11','15:02:23','2018-06-14 10:51:36','2018-06-14 10:51:36'),(270,7,'2018-04-26',0,0,0,0,0,'08:53:11','15:02:23','2018-06-14 10:51:36','2018-06-14 10:51:36'),(271,7,'2018-04-27',0,0,0,0,0,'08:53:11','15:02:23','2018-06-14 10:51:36','2018-06-14 10:51:36'),(272,7,'2018-04-30',0,0,0,0,0,'08:53:11','15:02:23','2018-06-14 10:51:36','2018-06-14 10:51:36'),(273,7,'2018-05-01',0,0,0,0,0,'08:53:11','15:02:23','2018-06-14 10:51:36','2018-06-14 10:51:36'),(274,7,'2018-05-02',0,0,0,0,0,'08:53:11','15:02:23','2018-06-14 10:51:36','2018-06-14 10:51:36'),(275,7,'2018-05-07',0,0,0,0,0,'08:53:11','15:02:23','2018-06-14 10:51:36','2018-06-14 10:51:36'),(276,7,'2018-05-08',0,0,0,0,0,'08:53:11','15:02:23','2018-06-14 10:51:36','2018-06-14 10:51:36'),(277,7,'2018-05-09',0,0,0,0,0,'08:53:11','15:02:23','2018-06-14 10:51:36','2018-06-14 10:51:36'),(278,7,'2018-05-10',0,0,0,0,0,'08:53:11','15:02:23','2018-06-14 10:51:36','2018-06-14 10:51:36'),(279,7,'2018-05-11',0,0,0,0,0,'08:53:11','15:02:23','2018-06-14 10:51:36','2018-06-14 10:51:36'),(280,7,'2018-05-14',0,0,0,0,0,'08:53:11','15:02:23','2018-06-14 10:51:36','2018-06-14 10:51:36'),(281,7,'2018-05-15',0,0,0,0,0,'08:53:11','15:02:23','2018-06-14 10:51:36','2018-06-14 10:51:36'),(282,7,'2018-05-16',0,0,0,0,0,'08:53:11','15:02:23','2018-06-14 10:51:36','2018-06-14 10:51:36'),(283,7,'2018-05-17',0,0,0,0,0,'08:53:11','15:02:23','2018-06-14 10:51:36','2018-06-14 10:51:36'),(284,7,'2018-05-18',0,0,0,0,0,'08:53:11','15:02:23','2018-06-14 10:51:36','2018-06-14 10:51:36'),(285,7,'2018-05-21',0,0,0,0,0,'08:53:11','15:02:23','2018-06-14 10:51:36','2018-06-14 10:51:36'),(286,7,'2018-05-22',0,0,0,0,0,'08:53:11','15:02:23','2018-06-14 10:51:36','2018-06-14 10:51:36'),(287,7,'2018-05-23',0,0,0,0,0,'08:53:11','15:02:23','2018-06-14 10:51:36','2018-06-14 10:51:36'),(288,7,'2018-05-24',0,0,0,0,0,'08:53:11','15:02:23','2018-06-14 10:51:36','2018-06-14 10:51:36'),(289,7,'2018-05-25',0,0,0,0,0,'08:53:11','15:02:23','2018-06-14 10:51:36','2018-06-14 10:51:36'),(290,7,'2018-05-28',0,0,0,0,0,'08:53:11','15:02:23','2018-06-14 10:51:36','2018-06-14 10:51:36'),(291,7,'2018-05-29',0,0,0,0,0,'08:53:11','15:02:23','2018-06-14 10:51:36','2018-06-14 10:51:36'),(292,7,'2018-05-30',0,0,0,0,0,'08:53:11','15:02:23','2018-06-14 10:51:36','2018-06-14 10:51:36'),(293,7,'2018-05-31',0,0,0,0,0,'08:53:11','15:02:23','2018-06-14 10:51:36','2018-06-14 10:51:36'),(294,7,'2018-06-04',0,0,0,0,0,'08:53:11','15:02:23','2018-06-14 10:51:36','2018-06-14 10:51:36'),(295,7,'2018-06-05',0,0,0,0,0,'08:53:11','15:02:23','2018-06-14 10:51:36','2018-06-14 10:51:36'),(296,7,'2018-06-06',0,0,0,0,0,'08:53:11','15:02:23','2018-06-14 10:51:36','2018-06-14 10:51:36'),(297,7,'2018-06-07',0,0,0,0,0,'08:53:11','15:02:23','2018-06-14 10:51:36','2018-06-14 10:51:36'),(298,7,'2018-06-08',0,0,0,0,0,'08:53:11','15:02:23','2018-06-14 10:51:36','2018-06-14 10:51:36'),(299,7,'2018-06-11',0,0,0,0,0,'08:53:11','15:02:23','2018-06-14 10:51:37','2018-06-14 10:51:37'),(300,7,'2018-06-12',0,0,0,0,0,'08:53:11','15:02:23','2018-06-14 10:51:37','2018-06-14 10:51:37'),(301,7,'2018-06-13',0,0,0,0,0,'08:53:11','15:02:23','2018-06-14 10:51:37','2018-06-14 10:51:37'),(302,8,'2018-04-11',0,0,0,0,0,'08:53:11','15:02:23','2018-06-14 10:51:37','2018-06-14 10:51:37'),(303,8,'2018-04-12',0,0,0,0,0,'08:53:11','15:02:23','2018-06-14 10:51:37','2018-06-14 10:51:37'),(304,8,'2018-04-13',0,0,0,0,0,'08:53:11','15:02:23','2018-06-14 10:51:37','2018-06-14 10:51:37'),(305,8,'2018-04-16',0,0,0,0,0,'08:53:11','15:02:23','2018-06-14 10:51:37','2018-06-14 10:51:37'),(306,8,'2018-04-17',0,0,0,0,0,'08:53:11','15:02:23','2018-06-14 10:51:37','2018-06-14 10:51:37'),(307,8,'2018-04-18',0,0,0,0,0,'08:53:11','15:02:23','2018-06-14 10:51:37','2018-06-14 10:51:37'),(308,8,'2018-04-19',0,0,0,0,0,'08:53:11','15:02:23','2018-06-14 10:51:37','2018-06-14 10:51:37'),(309,8,'2018-04-20',0,0,0,0,0,'08:53:11','15:02:23','2018-06-14 10:51:37','2018-06-14 10:51:37'),(310,8,'2018-04-23',0,0,0,0,0,'08:53:11','15:02:23','2018-06-14 10:51:37','2018-06-14 10:51:37'),(311,8,'2018-04-24',0,0,0,0,0,'08:53:11','15:02:23','2018-06-14 10:51:37','2018-06-14 10:51:37'),(312,8,'2018-04-25',0,0,0,0,0,'08:53:11','15:02:23','2018-06-14 10:51:37','2018-06-14 10:51:37'),(313,8,'2018-04-26',0,0,0,0,0,'08:53:11','15:02:23','2018-06-14 10:51:37','2018-06-14 10:51:37'),(314,8,'2018-04-27',0,0,0,0,0,'08:53:11','15:02:23','2018-06-14 10:51:37','2018-06-14 10:51:37'),(315,8,'2018-04-30',0,0,0,0,0,'08:53:11','15:02:23','2018-06-14 10:51:37','2018-06-14 10:51:37'),(316,8,'2018-05-01',0,0,0,0,0,'08:53:11','15:02:23','2018-06-14 10:51:37','2018-06-14 10:51:37'),(317,8,'2018-05-02',0,0,0,0,0,'08:53:11','15:02:23','2018-06-14 10:51:37','2018-06-14 10:51:37'),(318,8,'2018-05-07',0,0,0,0,0,'08:53:11','15:02:23','2018-06-14 10:51:37','2018-06-14 10:51:37'),(319,8,'2018-05-08',0,0,0,0,0,'08:53:11','15:02:23','2018-06-14 10:51:37','2018-06-14 10:51:37'),(320,8,'2018-05-09',0,0,0,0,0,'08:53:11','15:02:23','2018-06-14 10:51:37','2018-06-14 10:51:37'),(321,8,'2018-05-10',0,0,0,0,0,'08:53:11','15:02:23','2018-06-14 10:51:37','2018-06-14 10:51:37'),(322,8,'2018-05-11',0,0,0,0,0,'08:53:11','15:02:23','2018-06-14 10:51:37','2018-06-14 10:51:37'),(323,8,'2018-05-14',0,0,0,0,0,'08:53:11','15:02:23','2018-06-14 10:51:37','2018-06-14 10:51:37'),(324,8,'2018-05-15',0,0,0,0,0,'08:53:11','15:02:23','2018-06-14 10:51:37','2018-06-14 10:51:37'),(325,8,'2018-05-16',0,0,0,0,0,'08:53:11','15:02:23','2018-06-14 10:51:37','2018-06-14 10:51:37'),(326,8,'2018-05-17',0,0,0,0,0,'08:53:11','15:02:23','2018-06-14 10:51:37','2018-06-14 10:51:37'),(327,8,'2018-05-18',0,0,0,0,0,'08:53:11','15:02:23','2018-06-14 10:51:37','2018-06-14 10:51:37'),(328,8,'2018-05-21',0,0,0,0,0,'08:53:11','15:02:23','2018-06-14 10:51:37','2018-06-14 10:51:37'),(329,8,'2018-05-22',0,0,0,0,0,'08:53:11','15:02:23','2018-06-14 10:51:37','2018-06-14 10:51:37'),(330,8,'2018-05-23',0,0,0,0,0,'08:53:11','15:02:23','2018-06-14 10:51:37','2018-06-14 10:51:37'),(331,8,'2018-05-24',0,0,0,0,0,'08:53:11','15:02:23','2018-06-14 10:51:37','2018-06-14 10:51:37'),(332,8,'2018-05-25',0,0,0,0,0,'08:53:11','15:02:23','2018-06-14 10:51:37','2018-06-14 10:51:37'),(333,8,'2018-05-28',0,0,0,0,0,'08:53:11','15:02:23','2018-06-14 10:51:37','2018-06-14 10:51:37'),(334,8,'2018-05-29',0,0,0,0,0,'08:53:11','15:02:23','2018-06-14 10:51:37','2018-06-14 10:51:37'),(335,8,'2018-05-30',0,0,0,0,0,'08:53:11','15:02:23','2018-06-14 10:51:37','2018-06-14 10:51:37'),(336,8,'2018-05-31',0,0,0,0,0,'08:53:11','15:02:23','2018-06-14 10:51:37','2018-06-14 10:51:37'),(337,8,'2018-06-04',0,0,0,0,0,'08:53:11','15:02:23','2018-06-14 10:51:37','2018-06-14 10:51:37'),(338,8,'2018-06-05',0,0,0,0,0,'08:53:11','15:02:23','2018-06-14 10:51:37','2018-06-14 10:51:37'),(339,8,'2018-06-06',0,0,0,0,0,'08:53:11','15:02:23','2018-06-14 10:51:37','2018-06-14 10:51:37'),(340,8,'2018-06-07',0,0,0,0,0,'08:53:11','15:02:23','2018-06-14 10:51:37','2018-06-14 10:51:37'),(341,8,'2018-06-08',0,0,0,0,0,'08:53:11','15:02:23','2018-06-14 10:51:37','2018-06-14 10:51:37'),(342,8,'2018-06-11',0,0,0,0,0,'08:53:11','15:02:23','2018-06-14 10:51:37','2018-06-14 10:51:37'),(343,8,'2018-06-12',0,0,0,0,0,'08:53:11','15:02:23','2018-06-14 10:51:37','2018-06-14 10:51:37'),(344,8,'2018-06-13',0,0,0,0,0,'08:53:11','15:02:23','2018-06-14 10:51:37','2018-06-14 10:51:37'),(345,9,'2018-04-11',0,0,0,0,0,'08:53:11','15:02:23','2018-06-14 10:51:37','2018-06-14 10:51:37'),(346,9,'2018-04-12',0,0,0,0,0,'08:53:11','15:02:23','2018-06-14 10:51:37','2018-06-14 10:51:37'),(347,9,'2018-04-13',0,0,0,0,0,'08:53:11','15:02:23','2018-06-14 10:51:37','2018-06-14 10:51:37'),(348,9,'2018-04-16',0,0,0,0,0,'08:53:11','15:02:23','2018-06-14 10:51:37','2018-06-14 10:51:37'),(349,9,'2018-04-17',0,0,0,0,0,'08:53:11','15:02:23','2018-06-14 10:51:37','2018-06-14 10:51:37'),(350,9,'2018-04-18',0,0,0,0,0,'08:53:11','15:02:23','2018-06-14 10:51:37','2018-06-14 10:51:37'),(351,9,'2018-04-19',0,0,0,0,0,'08:53:11','15:02:23','2018-06-14 10:51:37','2018-06-14 10:51:37'),(352,9,'2018-04-20',0,0,0,0,0,'08:53:11','15:02:23','2018-06-14 10:51:37','2018-06-14 10:51:37'),(353,9,'2018-04-23',0,0,0,0,0,'08:53:11','15:02:23','2018-06-14 10:51:38','2018-06-14 10:51:38'),(354,9,'2018-04-24',0,0,0,0,0,'08:53:11','15:02:23','2018-06-14 10:51:38','2018-06-14 10:51:38'),(355,9,'2018-04-25',0,0,0,0,0,'08:53:11','15:02:23','2018-06-14 10:51:38','2018-06-14 10:51:38'),(356,9,'2018-04-26',0,0,0,0,0,'08:53:11','15:02:23','2018-06-14 10:51:38','2018-06-14 10:51:38'),(357,9,'2018-04-27',0,0,0,0,0,'08:53:11','15:02:23','2018-06-14 10:51:38','2018-06-14 10:51:38'),(358,9,'2018-04-30',0,0,0,0,0,'08:53:11','15:02:23','2018-06-14 10:51:38','2018-06-14 10:51:38'),(359,9,'2018-05-01',0,0,0,0,0,'08:53:11','15:02:23','2018-06-14 10:51:38','2018-06-14 10:51:38'),(360,9,'2018-05-02',0,0,0,0,0,'08:53:11','15:02:23','2018-06-14 10:51:38','2018-06-14 10:51:38'),(361,9,'2018-05-07',0,0,0,0,0,'08:53:11','15:02:23','2018-06-14 10:51:38','2018-06-14 10:51:38'),(362,9,'2018-05-08',0,0,0,0,0,'08:53:11','15:02:23','2018-06-14 10:51:38','2018-06-14 10:51:38'),(363,9,'2018-05-09',0,0,0,0,0,'08:53:11','15:02:23','2018-06-14 10:51:38','2018-06-14 10:51:38'),(364,9,'2018-05-10',0,0,0,0,0,'08:53:11','15:02:23','2018-06-14 10:51:38','2018-06-14 10:51:38'),(365,9,'2018-05-11',0,0,0,0,0,'08:53:11','15:02:23','2018-06-14 10:51:38','2018-06-14 10:51:38'),(366,9,'2018-05-14',0,0,0,0,0,'08:53:11','15:02:23','2018-06-14 10:51:38','2018-06-14 10:51:38'),(367,9,'2018-05-15',0,0,0,0,0,'08:53:11','15:02:23','2018-06-14 10:51:38','2018-06-14 10:51:38'),(368,9,'2018-05-16',0,0,0,0,0,'08:53:11','15:02:23','2018-06-14 10:51:38','2018-06-14 10:51:38'),(369,9,'2018-05-17',0,0,0,0,0,'08:53:11','15:02:23','2018-06-14 10:51:38','2018-06-14 10:51:38'),(370,9,'2018-05-18',0,0,0,0,0,'08:53:11','15:02:23','2018-06-14 10:51:38','2018-06-14 10:51:38'),(371,9,'2018-05-21',0,0,0,0,0,'08:53:11','15:02:23','2018-06-14 10:51:38','2018-06-14 10:51:38'),(372,9,'2018-05-22',0,0,0,0,0,'08:53:11','15:02:23','2018-06-14 10:51:38','2018-06-14 10:51:38'),(373,9,'2018-05-23',0,0,0,0,0,'08:53:11','15:02:23','2018-06-14 10:51:38','2018-06-14 10:51:38'),(374,9,'2018-05-24',0,0,0,0,0,'08:53:11','15:02:23','2018-06-14 10:51:38','2018-06-14 10:51:38'),(375,9,'2018-05-25',0,0,0,0,0,'08:53:11','15:02:23','2018-06-14 10:51:38','2018-06-14 10:51:38'),(376,9,'2018-05-28',0,0,0,0,0,'08:53:11','15:02:23','2018-06-14 10:51:38','2018-06-14 10:51:38'),(377,9,'2018-05-29',0,0,0,0,0,'08:53:11','15:02:23','2018-06-14 10:51:38','2018-06-14 10:51:38'),(378,9,'2018-05-30',0,0,0,0,0,'08:53:11','15:02:23','2018-06-14 10:51:38','2018-06-14 10:51:38'),(379,9,'2018-05-31',0,0,0,0,0,'08:53:11','15:02:23','2018-06-14 10:51:38','2018-06-14 10:51:38'),(380,9,'2018-06-04',0,0,0,0,0,'08:53:11','15:02:23','2018-06-14 10:51:38','2018-06-14 10:51:38'),(381,9,'2018-06-05',0,0,0,0,0,'08:53:11','15:02:23','2018-06-14 10:51:38','2018-06-14 10:51:38'),(382,9,'2018-06-06',0,0,0,0,0,'08:53:11','15:02:23','2018-06-14 10:51:38','2018-06-14 10:51:38'),(383,9,'2018-06-07',0,0,0,0,0,'08:53:11','15:02:23','2018-06-14 10:51:38','2018-06-14 10:51:38'),(384,9,'2018-06-08',0,0,0,0,0,'08:53:11','15:02:23','2018-06-14 10:51:38','2018-06-14 10:51:38'),(385,9,'2018-06-11',0,0,0,0,0,'08:53:11','15:02:23','2018-06-14 10:51:38','2018-06-14 10:51:38'),(386,9,'2018-06-12',0,0,0,0,0,'08:53:11','15:02:23','2018-06-14 10:51:38','2018-06-14 10:51:38'),(387,9,'2018-06-13',0,0,0,0,0,'08:53:11','15:02:23','2018-06-14 10:51:38','2018-06-14 10:51:38'),(388,10,'2018-04-11',0,0,0,0,0,'08:53:11','15:02:23','2018-06-14 10:51:38','2018-06-14 10:51:38'),(389,10,'2018-04-12',0,0,0,0,0,'08:53:11','15:02:23','2018-06-14 10:51:38','2018-06-14 10:51:38'),(390,10,'2018-04-13',0,0,0,0,0,'08:53:11','15:02:23','2018-06-14 10:51:38','2018-06-14 10:51:38'),(391,10,'2018-04-16',0,0,0,0,0,'08:53:11','15:02:23','2018-06-14 10:51:38','2018-06-14 10:51:38'),(392,10,'2018-04-17',0,0,0,0,0,'08:53:11','15:02:23','2018-06-14 10:51:38','2018-06-14 10:51:38'),(393,10,'2018-04-18',0,0,0,0,0,'08:53:11','15:02:23','2018-06-14 10:51:38','2018-06-14 10:51:38'),(394,10,'2018-04-19',0,0,0,0,0,'08:53:11','15:02:23','2018-06-14 10:51:38','2018-06-14 10:51:38'),(395,10,'2018-04-20',0,0,0,0,0,'08:53:11','15:02:23','2018-06-14 10:51:38','2018-06-14 10:51:38'),(396,10,'2018-04-23',0,0,0,0,0,'08:53:11','15:02:23','2018-06-14 10:51:38','2018-06-14 10:51:38'),(397,10,'2018-04-24',0,0,0,0,0,'08:53:11','15:02:23','2018-06-14 10:51:38','2018-06-14 10:51:38'),(398,10,'2018-04-25',0,0,0,0,0,'08:53:11','15:02:23','2018-06-14 10:51:38','2018-06-14 10:51:38'),(399,10,'2018-04-26',0,0,0,0,0,'08:53:11','15:02:23','2018-06-14 10:51:38','2018-06-14 10:51:38'),(400,10,'2018-04-27',0,0,0,0,0,'08:53:11','15:02:23','2018-06-14 10:51:38','2018-06-14 10:51:38'),(401,10,'2018-04-30',0,0,0,0,0,'08:53:11','15:02:23','2018-06-14 10:51:38','2018-06-14 10:51:38'),(402,10,'2018-05-01',0,0,0,0,0,'08:53:11','15:02:23','2018-06-14 10:51:38','2018-06-14 10:51:38'),(403,10,'2018-05-02',0,0,0,0,0,'08:53:11','15:02:23','2018-06-14 10:51:38','2018-06-14 10:51:38'),(404,10,'2018-05-07',0,0,0,0,0,'08:53:11','15:02:23','2018-06-14 10:51:38','2018-06-14 10:51:38'),(405,10,'2018-05-08',0,0,0,0,0,'08:53:11','15:02:23','2018-06-14 10:51:38','2018-06-14 10:51:38'),(406,10,'2018-05-09',0,0,0,0,0,'08:53:11','15:02:23','2018-06-14 10:51:38','2018-06-14 10:51:38'),(407,10,'2018-05-10',0,0,0,0,0,'08:53:11','15:02:23','2018-06-14 10:51:39','2018-06-14 10:51:39'),(408,10,'2018-05-11',0,0,0,0,0,'08:53:11','15:02:23','2018-06-14 10:51:39','2018-06-14 10:51:39'),(409,10,'2018-05-14',0,0,0,0,0,'08:53:11','15:02:23','2018-06-14 10:51:39','2018-06-14 10:51:39'),(410,10,'2018-05-15',0,0,0,0,0,'08:53:11','15:02:23','2018-06-14 10:51:39','2018-06-14 10:51:39'),(411,10,'2018-05-16',0,0,0,0,0,'08:53:11','15:02:23','2018-06-14 10:51:39','2018-06-14 10:51:39'),(412,10,'2018-05-17',0,0,0,0,0,'08:53:11','15:02:23','2018-06-14 10:51:39','2018-06-14 10:51:39'),(413,10,'2018-05-18',0,0,0,0,0,'08:53:11','15:02:23','2018-06-14 10:51:39','2018-06-14 10:51:39'),(414,10,'2018-05-21',0,0,0,0,0,'08:53:11','15:02:23','2018-06-14 10:51:39','2018-06-14 10:51:39'),(415,10,'2018-05-22',0,0,0,0,0,'08:53:11','15:02:23','2018-06-14 10:51:39','2018-06-14 10:51:39'),(416,10,'2018-05-23',0,0,0,0,0,'08:53:11','15:02:23','2018-06-14 10:51:39','2018-06-14 10:51:39'),(417,10,'2018-05-24',0,0,0,0,0,'08:53:11','15:02:23','2018-06-14 10:51:39','2018-06-14 10:51:39'),(418,10,'2018-05-25',0,0,0,0,0,'08:53:11','15:02:23','2018-06-14 10:51:39','2018-06-14 10:51:39'),(419,10,'2018-05-28',0,0,0,0,0,'08:53:11','15:02:23','2018-06-14 10:51:39','2018-06-14 10:51:39'),(420,10,'2018-05-29',0,0,0,0,0,'08:53:11','15:02:23','2018-06-14 10:51:39','2018-06-14 10:51:39'),(421,10,'2018-05-30',0,0,0,0,0,'08:53:11','15:02:23','2018-06-14 10:51:39','2018-06-14 10:51:39'),(422,10,'2018-05-31',0,0,0,0,0,'08:53:11','15:02:23','2018-06-14 10:51:39','2018-06-14 10:51:39'),(423,10,'2018-06-04',0,0,0,0,0,'08:53:11','15:02:23','2018-06-14 10:51:39','2018-06-14 10:51:39'),(424,10,'2018-06-05',0,0,0,0,0,'08:53:11','15:02:23','2018-06-14 10:51:39','2018-06-14 10:51:39'),(425,10,'2018-06-06',0,0,0,0,0,'08:53:11','15:02:23','2018-06-14 10:51:39','2018-06-14 10:51:39'),(426,10,'2018-06-07',0,0,0,0,0,'08:53:11','15:02:23','2018-06-14 10:51:39','2018-06-14 10:51:39'),(427,10,'2018-06-08',0,0,0,0,0,'08:53:11','15:02:23','2018-06-14 10:51:39','2018-06-14 10:51:39'),(428,10,'2018-06-11',0,0,0,0,0,'08:53:11','15:02:23','2018-06-14 10:51:39','2018-06-14 10:51:39'),(429,10,'2018-06-12',0,0,0,0,0,'08:53:11','15:02:23','2018-06-14 10:51:39','2018-06-14 10:51:39'),(430,10,'2018-06-13',0,0,0,0,0,'08:53:11','15:02:23','2018-06-14 10:51:39','2018-06-14 10:51:39'),(431,11,'2018-04-11',0,0,0,0,0,'08:53:11','15:02:23','2018-06-14 10:51:39','2018-06-14 10:51:39'),(432,11,'2018-04-12',0,0,0,0,0,'08:53:11','15:02:23','2018-06-14 10:51:39','2018-06-14 10:51:39'),(433,11,'2018-04-13',0,0,0,0,0,'08:53:11','15:02:23','2018-06-14 10:51:39','2018-06-14 10:51:39'),(434,11,'2018-04-16',0,0,0,0,0,'08:53:11','15:02:23','2018-06-14 10:51:39','2018-06-14 10:51:39'),(435,11,'2018-04-17',0,0,0,0,0,'08:53:11','15:02:23','2018-06-14 10:51:39','2018-06-14 10:51:39'),(436,11,'2018-04-18',0,0,0,0,0,'08:53:11','15:02:23','2018-06-14 10:51:39','2018-06-14 10:51:39'),(437,11,'2018-04-19',0,0,0,0,0,'08:53:11','15:02:23','2018-06-14 10:51:39','2018-06-14 10:51:39'),(438,11,'2018-04-20',0,0,0,0,0,'08:53:11','15:02:23','2018-06-14 10:51:39','2018-06-14 10:51:39'),(439,11,'2018-04-23',0,0,0,0,0,'08:53:11','15:02:23','2018-06-14 10:51:39','2018-06-14 10:51:39'),(440,11,'2018-04-24',0,0,0,0,0,'08:53:11','15:02:23','2018-06-14 10:51:39','2018-06-14 10:51:39'),(441,11,'2018-04-25',0,0,0,0,0,'08:53:11','15:02:23','2018-06-14 10:51:39','2018-06-14 10:51:39'),(442,11,'2018-04-26',0,0,0,0,0,'08:53:11','15:02:23','2018-06-14 10:51:39','2018-06-14 10:51:39'),(443,11,'2018-04-27',0,0,0,0,0,'08:53:11','15:02:23','2018-06-14 10:51:39','2018-06-14 10:51:39'),(444,11,'2018-04-30',0,0,0,0,0,'08:53:11','15:02:23','2018-06-14 10:51:39','2018-06-14 10:51:39'),(445,11,'2018-05-01',0,0,0,0,0,'08:53:11','15:02:23','2018-06-14 10:51:39','2018-06-14 10:51:39'),(446,11,'2018-05-02',0,0,0,0,0,'08:53:11','15:02:23','2018-06-14 10:51:39','2018-06-14 10:51:39'),(447,11,'2018-05-07',0,0,0,0,0,'08:53:11','15:02:23','2018-06-14 10:51:39','2018-06-14 10:51:39'),(448,11,'2018-05-08',0,0,0,0,0,'08:53:11','15:02:23','2018-06-14 10:51:39','2018-06-14 10:51:39'),(449,11,'2018-05-09',0,0,0,0,0,'08:53:11','15:02:23','2018-06-14 10:51:39','2018-06-14 10:51:39'),(450,11,'2018-05-10',0,0,0,0,0,'08:53:11','15:02:23','2018-06-14 10:51:39','2018-06-14 10:51:39'),(451,11,'2018-05-11',0,0,0,0,0,'08:53:11','15:02:23','2018-06-14 10:51:39','2018-06-14 10:51:39'),(452,11,'2018-05-14',0,0,0,0,0,'08:53:11','15:02:23','2018-06-14 10:51:39','2018-06-14 10:51:39'),(453,11,'2018-05-15',0,0,0,0,0,'08:53:11','15:02:23','2018-06-14 10:51:39','2018-06-14 10:51:39'),(454,11,'2018-05-16',0,0,0,0,0,'08:53:11','15:02:23','2018-06-14 10:51:39','2018-06-14 10:51:39'),(455,11,'2018-05-17',0,0,0,0,0,'08:53:11','15:02:23','2018-06-14 10:51:39','2018-06-14 10:51:39'),(456,11,'2018-05-18',0,0,0,0,0,'08:53:11','15:02:23','2018-06-14 10:51:39','2018-06-14 10:51:39'),(457,11,'2018-05-21',0,0,0,0,0,'08:53:11','15:02:23','2018-06-14 10:51:39','2018-06-14 10:51:39'),(458,11,'2018-05-22',0,0,0,0,0,'08:53:11','15:02:23','2018-06-14 10:51:39','2018-06-14 10:51:39'),(459,11,'2018-05-23',0,0,0,0,0,'08:53:11','15:02:23','2018-06-14 10:51:39','2018-06-14 10:51:39'),(460,11,'2018-05-24',0,0,0,0,0,'08:53:11','15:02:23','2018-06-14 10:51:39','2018-06-14 10:51:39'),(461,11,'2018-05-25',0,0,0,0,0,'08:53:11','15:02:23','2018-06-14 10:51:40','2018-06-14 10:51:40'),(462,11,'2018-05-28',0,0,0,0,0,'08:53:11','15:02:23','2018-06-14 10:51:40','2018-06-14 10:51:40'),(463,11,'2018-05-29',0,0,0,0,0,'08:53:11','15:02:23','2018-06-14 10:51:40','2018-06-14 10:51:40'),(464,11,'2018-05-30',0,0,0,0,0,'08:53:11','15:02:23','2018-06-14 10:51:40','2018-06-14 10:51:40'),(465,11,'2018-05-31',0,0,0,0,0,'08:53:11','15:02:23','2018-06-14 10:51:40','2018-06-14 10:51:40'),(466,11,'2018-06-04',0,0,0,0,0,'08:53:11','15:02:23','2018-06-14 10:51:40','2018-06-14 10:51:40'),(467,11,'2018-06-05',0,0,0,0,0,'08:53:11','15:02:23','2018-06-14 10:51:40','2018-06-14 10:51:40'),(468,11,'2018-06-06',0,0,0,0,0,'08:53:11','15:02:23','2018-06-14 10:51:40','2018-06-14 10:51:40'),(469,11,'2018-06-07',0,0,0,0,0,'08:53:11','15:02:23','2018-06-14 10:51:40','2018-06-14 10:51:40'),(470,11,'2018-06-08',0,0,0,0,0,'08:53:11','15:02:23','2018-06-14 10:51:40','2018-06-14 10:51:40'),(471,11,'2018-06-11',0,0,0,0,0,'08:53:11','15:02:23','2018-06-14 10:51:40','2018-06-14 10:51:40'),(472,11,'2018-06-12',0,0,0,0,0,'08:53:11','15:02:23','2018-06-14 10:51:40','2018-06-14 10:51:40'),(473,11,'2018-06-13',0,0,0,0,0,'08:53:11','15:02:23','2018-06-14 10:51:40','2018-06-14 10:51:40'),(474,12,'2018-04-11',0,0,0,0,0,'08:53:11','15:02:23','2018-06-14 10:51:40','2018-06-14 10:51:40'),(475,12,'2018-04-12',0,0,0,0,0,'08:53:11','15:02:23','2018-06-14 10:51:40','2018-06-14 10:51:40'),(476,12,'2018-04-13',0,0,0,0,0,'08:53:11','15:02:23','2018-06-14 10:51:40','2018-06-14 10:51:40'),(477,12,'2018-04-16',0,0,0,0,0,'08:53:11','15:02:23','2018-06-14 10:51:40','2018-06-14 10:51:40'),(478,12,'2018-04-17',0,0,0,0,0,'08:53:11','15:02:23','2018-06-14 10:51:40','2018-06-14 10:51:40'),(479,12,'2018-04-18',0,0,0,0,0,'08:53:11','15:02:23','2018-06-14 10:51:40','2018-06-14 10:51:40'),(480,12,'2018-04-19',0,0,0,0,0,'08:53:11','15:02:23','2018-06-14 10:51:40','2018-06-14 10:51:40'),(481,12,'2018-04-20',0,0,0,0,0,'08:53:11','15:02:23','2018-06-14 10:51:40','2018-06-14 10:51:40'),(482,12,'2018-04-23',0,0,0,0,0,'08:53:11','15:02:23','2018-06-14 10:51:40','2018-06-14 10:51:40'),(483,12,'2018-04-24',0,0,0,0,0,'08:53:11','15:02:23','2018-06-14 10:51:40','2018-06-14 10:51:40'),(484,12,'2018-04-25',0,0,0,0,0,'08:53:11','15:02:23','2018-06-14 10:51:40','2018-06-14 10:51:40'),(485,12,'2018-04-26',0,0,0,0,0,'08:53:11','15:02:23','2018-06-14 10:51:40','2018-06-14 10:51:40'),(486,12,'2018-04-27',0,0,0,0,0,'08:53:11','15:02:23','2018-06-14 10:51:40','2018-06-14 10:51:40'),(487,12,'2018-04-30',0,0,0,0,0,'08:53:11','15:02:23','2018-06-14 10:51:40','2018-06-14 10:51:40'),(488,12,'2018-05-01',0,0,0,0,0,'08:53:11','15:02:23','2018-06-14 10:51:40','2018-06-14 10:51:40'),(489,12,'2018-05-02',0,0,0,0,0,'08:53:11','15:02:23','2018-06-14 10:51:40','2018-06-14 10:51:40'),(490,12,'2018-05-07',0,0,0,0,0,'08:53:11','15:02:23','2018-06-14 10:51:40','2018-06-14 10:51:40'),(491,12,'2018-05-08',0,0,0,0,0,'08:53:11','15:02:23','2018-06-14 10:51:40','2018-06-14 10:51:40'),(492,12,'2018-05-09',0,0,0,0,0,'08:53:11','15:02:23','2018-06-14 10:51:40','2018-06-14 10:51:40'),(493,12,'2018-05-10',0,0,0,0,0,'08:53:11','15:02:23','2018-06-14 10:51:40','2018-06-14 10:51:40'),(494,12,'2018-05-11',0,0,0,0,0,'08:53:11','15:02:23','2018-06-14 10:51:40','2018-06-14 10:51:40'),(495,12,'2018-05-14',0,0,0,0,0,'08:53:11','15:02:23','2018-06-14 10:51:40','2018-06-14 10:51:40'),(496,12,'2018-05-15',0,0,0,0,0,'08:53:11','15:02:23','2018-06-14 10:51:40','2018-06-14 10:51:40'),(497,12,'2018-05-16',0,0,0,0,0,'08:53:11','15:02:23','2018-06-14 10:51:40','2018-06-14 10:51:40'),(498,12,'2018-05-17',0,0,0,0,0,'08:53:11','15:02:23','2018-06-14 10:51:40','2018-06-14 10:51:40'),(499,12,'2018-05-18',0,0,0,0,0,'08:53:11','15:02:23','2018-06-14 10:51:40','2018-06-14 10:51:40'),(500,12,'2018-05-21',0,0,0,0,0,'08:53:11','15:02:23','2018-06-14 10:51:40','2018-06-14 10:51:40'),(501,12,'2018-05-22',0,0,0,0,0,'08:53:11','15:02:23','2018-06-14 10:51:40','2018-06-14 10:51:40'),(502,12,'2018-05-23',0,0,0,0,0,'08:53:11','15:02:23','2018-06-14 10:51:40','2018-06-14 10:51:40'),(503,12,'2018-05-24',0,0,0,0,0,'08:53:11','15:02:23','2018-06-14 10:51:40','2018-06-14 10:51:40'),(504,12,'2018-05-25',0,0,0,0,0,'08:53:11','15:02:23','2018-06-14 10:51:40','2018-06-14 10:51:40'),(505,12,'2018-05-28',0,0,0,0,0,'08:53:11','15:02:23','2018-06-14 10:51:40','2018-06-14 10:51:40'),(506,12,'2018-05-29',0,0,0,0,0,'08:53:11','15:02:23','2018-06-14 10:51:40','2018-06-14 10:51:40'),(507,12,'2018-05-30',0,0,0,0,0,'08:53:11','15:02:23','2018-06-14 10:51:40','2018-06-14 10:51:40'),(508,12,'2018-05-31',0,0,0,0,0,'08:53:11','15:02:23','2018-06-14 10:51:40','2018-06-14 10:51:40'),(509,12,'2018-06-04',0,0,0,0,0,'08:53:11','15:02:23','2018-06-14 10:51:40','2018-06-14 10:51:40'),(510,12,'2018-06-05',0,0,0,0,0,'08:53:11','15:02:23','2018-06-14 10:51:40','2018-06-14 10:51:40'),(511,12,'2018-06-06',0,0,0,0,0,'08:53:11','15:02:23','2018-06-14 10:51:40','2018-06-14 10:51:40'),(512,12,'2018-06-07',0,0,0,0,0,'08:53:11','15:02:23','2018-06-14 10:51:40','2018-06-14 10:51:40'),(513,12,'2018-06-08',0,0,0,0,0,'08:53:11','15:02:23','2018-06-14 10:51:40','2018-06-14 10:51:40'),(514,12,'2018-06-11',0,0,0,0,0,'08:53:11','15:02:23','2018-06-14 10:51:40','2018-06-14 10:51:40'),(515,12,'2018-06-12',0,0,0,0,0,'08:53:11','15:02:23','2018-06-14 10:51:41','2018-06-14 10:51:41'),(516,12,'2018-06-13',0,0,0,0,0,'08:53:11','15:02:23','2018-06-14 10:51:41','2018-06-14 10:51:41'),(517,13,'2018-04-11',0,0,0,0,0,'08:53:11','15:02:23','2018-06-14 10:51:41','2018-06-14 10:51:41'),(518,13,'2018-04-12',0,0,0,0,0,'08:53:11','15:02:23','2018-06-14 10:51:41','2018-06-14 10:51:41'),(519,13,'2018-04-13',0,0,0,0,0,'08:53:11','15:02:23','2018-06-14 10:51:41','2018-06-14 10:51:41'),(520,13,'2018-04-16',0,0,0,0,0,'08:53:11','15:02:23','2018-06-14 10:51:41','2018-06-14 10:51:41'),(521,13,'2018-04-17',0,0,0,0,0,'08:53:11','15:02:23','2018-06-14 10:51:41','2018-06-14 10:51:41'),(522,13,'2018-04-18',0,0,0,0,0,'08:53:11','15:02:23','2018-06-14 10:51:41','2018-06-14 10:51:41'),(523,13,'2018-04-19',0,0,0,0,0,'08:53:11','15:02:23','2018-06-14 10:51:41','2018-06-14 10:51:41'),(524,13,'2018-04-20',0,0,0,0,0,'08:53:11','15:02:23','2018-06-14 10:51:41','2018-06-14 10:51:41'),(525,13,'2018-04-23',0,0,0,0,0,'08:53:11','15:02:23','2018-06-14 10:51:41','2018-06-14 10:51:41'),(526,13,'2018-04-24',0,0,0,0,0,'08:53:11','15:02:23','2018-06-14 10:51:41','2018-06-14 10:51:41'),(527,13,'2018-04-25',0,0,0,0,0,'08:53:11','15:02:23','2018-06-14 10:51:41','2018-06-14 10:51:41'),(528,13,'2018-04-26',0,0,0,0,0,'08:53:11','15:02:23','2018-06-14 10:51:41','2018-06-14 10:51:41'),(529,13,'2018-04-27',0,0,0,0,0,'08:53:11','15:02:23','2018-06-14 10:51:41','2018-06-14 10:51:41'),(530,13,'2018-04-30',0,0,0,0,0,'08:53:11','15:02:23','2018-06-14 10:51:41','2018-06-14 10:51:41'),(531,13,'2018-05-01',0,0,0,0,0,'08:53:11','15:02:23','2018-06-14 10:51:41','2018-06-14 10:51:41'),(532,13,'2018-05-02',0,0,0,0,0,'08:53:11','15:02:23','2018-06-14 10:51:41','2018-06-14 10:51:41'),(533,13,'2018-05-07',0,0,0,0,0,'08:53:11','15:02:23','2018-06-14 10:51:41','2018-06-14 10:51:41'),(534,13,'2018-05-08',0,0,0,0,0,'08:53:11','15:02:23','2018-06-14 10:51:41','2018-06-14 10:51:41'),(535,13,'2018-05-09',0,0,0,0,0,'08:53:11','15:02:23','2018-06-14 10:51:41','2018-06-14 10:51:41'),(536,13,'2018-05-10',0,0,0,0,0,'08:53:11','15:02:23','2018-06-14 10:51:41','2018-06-14 10:51:41'),(537,13,'2018-05-11',0,0,0,0,0,'08:53:11','15:02:23','2018-06-14 10:51:41','2018-06-14 10:51:41'),(538,13,'2018-05-14',0,0,0,0,0,'08:53:11','15:02:23','2018-06-14 10:51:41','2018-06-14 10:51:41'),(539,13,'2018-05-15',0,0,0,0,0,'08:53:11','15:02:23','2018-06-14 10:51:41','2018-06-14 10:51:41'),(540,13,'2018-05-16',0,0,0,0,0,'08:53:11','15:02:23','2018-06-14 10:51:41','2018-06-14 10:51:41'),(541,13,'2018-05-17',0,0,0,0,0,'08:53:11','15:02:23','2018-06-14 10:51:41','2018-06-14 10:51:41'),(542,13,'2018-05-18',0,0,0,0,0,'08:53:11','15:02:23','2018-06-14 10:51:41','2018-06-14 10:51:41'),(543,13,'2018-05-21',0,0,0,0,0,'08:53:11','15:02:23','2018-06-14 10:51:41','2018-06-14 10:51:41'),(544,13,'2018-05-22',0,0,0,0,0,'08:53:11','15:02:23','2018-06-14 10:51:41','2018-06-14 10:51:41'),(545,13,'2018-05-23',0,0,0,0,0,'08:53:11','15:02:23','2018-06-14 10:51:41','2018-06-14 10:51:41'),(546,13,'2018-05-24',0,0,0,0,0,'08:53:11','15:02:23','2018-06-14 10:51:41','2018-06-14 10:51:41'),(547,13,'2018-05-25',0,0,0,0,0,'08:53:11','15:02:23','2018-06-14 10:51:41','2018-06-14 10:51:41'),(548,13,'2018-05-28',0,0,0,0,0,'08:53:11','15:02:23','2018-06-14 10:51:41','2018-06-14 10:51:41'),(549,13,'2018-05-29',0,0,0,0,0,'08:53:11','15:02:23','2018-06-14 10:51:41','2018-06-14 10:51:41'),(550,13,'2018-05-30',0,0,0,0,0,'08:53:11','15:02:23','2018-06-14 10:51:41','2018-06-14 10:51:41'),(551,13,'2018-05-31',0,0,0,0,0,'08:53:11','15:02:23','2018-06-14 10:51:41','2018-06-14 10:51:41'),(552,13,'2018-06-04',0,0,0,0,0,'08:53:11','15:02:23','2018-06-14 10:51:41','2018-06-14 10:51:41'),(553,13,'2018-06-05',0,0,0,0,0,'08:53:11','15:02:23','2018-06-14 10:51:41','2018-06-14 10:51:41'),(554,13,'2018-06-06',0,0,0,0,0,'08:53:11','15:02:23','2018-06-14 10:51:41','2018-06-14 10:51:41'),(555,13,'2018-06-07',0,0,0,0,0,'08:53:11','15:02:23','2018-06-14 10:51:41','2018-06-14 10:51:41'),(556,13,'2018-06-08',0,0,0,0,0,'08:53:11','15:02:23','2018-06-14 10:51:41','2018-06-14 10:51:41'),(557,13,'2018-06-11',0,0,0,0,0,'08:53:11','15:02:23','2018-06-14 10:51:41','2018-06-14 10:51:41'),(558,13,'2018-06-12',0,0,0,0,0,'08:53:11','15:02:23','2018-06-14 10:51:41','2018-06-14 10:51:41'),(559,13,'2018-06-13',0,0,0,0,0,'08:53:11','15:02:23','2018-06-14 10:51:41','2018-06-14 10:51:41'),(560,14,'2018-04-11',0,0,0,0,0,'08:53:11','15:02:23','2018-06-14 10:51:41','2018-06-14 10:51:41'),(561,14,'2018-04-12',0,0,0,0,0,'08:53:11','15:02:23','2018-06-14 10:51:41','2018-06-14 10:51:41'),(562,14,'2018-04-13',0,0,0,0,0,'08:53:11','15:02:23','2018-06-14 10:51:41','2018-06-14 10:51:41'),(563,14,'2018-04-16',0,0,0,0,0,'08:53:11','15:02:23','2018-06-14 10:51:41','2018-06-14 10:51:41'),(564,14,'2018-04-17',0,0,0,0,0,'08:53:11','15:02:23','2018-06-14 10:51:41','2018-06-14 10:51:41'),(565,14,'2018-04-18',0,0,0,0,0,'08:53:11','15:02:23','2018-06-14 10:51:41','2018-06-14 10:51:41'),(566,14,'2018-04-19',0,0,0,0,0,'08:53:11','15:02:23','2018-06-14 10:51:41','2018-06-14 10:51:41'),(567,14,'2018-04-20',0,0,0,0,0,'08:53:11','15:02:23','2018-06-14 10:51:42','2018-06-14 10:51:42'),(568,14,'2018-04-23',0,0,0,0,0,'08:53:11','15:02:23','2018-06-14 10:51:42','2018-06-14 10:51:42'),(569,14,'2018-04-24',0,0,0,0,0,'08:53:11','15:02:23','2018-06-14 10:51:42','2018-06-14 10:51:42'),(570,14,'2018-04-25',0,0,0,0,0,'08:53:11','15:02:23','2018-06-14 10:51:42','2018-06-14 10:51:42'),(571,14,'2018-04-26',0,0,0,0,0,'08:53:11','15:02:23','2018-06-14 10:51:42','2018-06-14 10:51:42'),(572,14,'2018-04-27',0,0,0,0,0,'08:53:11','15:02:23','2018-06-14 10:51:42','2018-06-14 10:51:42'),(573,14,'2018-04-30',0,0,0,0,0,'08:53:11','15:02:23','2018-06-14 10:51:42','2018-06-14 10:51:42'),(574,14,'2018-05-01',0,0,0,0,0,'08:53:11','15:02:23','2018-06-14 10:51:42','2018-06-14 10:51:42'),(575,14,'2018-05-02',0,0,0,0,0,'08:53:11','15:02:23','2018-06-14 10:51:42','2018-06-14 10:51:42'),(576,14,'2018-05-07',0,0,0,0,0,'08:53:11','15:02:23','2018-06-14 10:51:42','2018-06-14 10:51:42'),(577,14,'2018-05-08',0,0,0,0,0,'08:53:11','15:02:23','2018-06-14 10:51:42','2018-06-14 10:51:42'),(578,14,'2018-05-09',0,0,0,0,0,'08:53:11','15:02:23','2018-06-14 10:51:42','2018-06-14 10:51:42'),(579,14,'2018-05-10',0,0,0,0,0,'08:53:11','15:02:23','2018-06-14 10:51:42','2018-06-14 10:51:42'),(580,14,'2018-05-11',0,0,0,0,0,'08:53:11','15:02:23','2018-06-14 10:51:42','2018-06-14 10:51:42'),(581,14,'2018-05-14',0,0,0,0,0,'08:53:11','15:02:23','2018-06-14 10:51:42','2018-06-14 10:51:42'),(582,14,'2018-05-15',0,0,0,0,0,'08:53:11','15:02:23','2018-06-14 10:51:42','2018-06-14 10:51:42'),(583,14,'2018-05-16',0,0,0,0,0,'08:53:11','15:02:23','2018-06-14 10:51:42','2018-06-14 10:51:42'),(584,14,'2018-05-17',0,0,0,0,0,'08:53:11','15:02:23','2018-06-14 10:51:42','2018-06-14 10:51:42'),(585,14,'2018-05-18',0,0,0,0,0,'08:53:11','15:02:23','2018-06-14 10:51:42','2018-06-14 10:51:42'),(586,14,'2018-05-21',0,0,0,0,0,'08:53:11','15:02:23','2018-06-14 10:51:42','2018-06-14 10:51:42'),(587,14,'2018-05-22',0,0,0,0,0,'08:53:11','15:02:23','2018-06-14 10:51:42','2018-06-14 10:51:42'),(588,14,'2018-05-23',0,0,0,0,0,'08:53:11','15:02:23','2018-06-14 10:51:42','2018-06-14 10:51:42'),(589,14,'2018-05-24',0,0,0,0,0,'08:53:11','15:02:23','2018-06-14 10:51:42','2018-06-14 10:51:42'),(590,14,'2018-05-25',0,0,0,0,0,'08:53:11','15:02:23','2018-06-14 10:51:42','2018-06-14 10:51:42'),(591,14,'2018-05-28',0,0,0,0,0,'08:53:11','15:02:23','2018-06-14 10:51:42','2018-06-14 10:51:42'),(592,14,'2018-05-29',0,0,0,0,0,'08:53:11','15:02:23','2018-06-14 10:51:42','2018-06-14 10:51:42'),(593,14,'2018-05-30',0,0,0,0,0,'08:53:11','15:02:23','2018-06-14 10:51:42','2018-06-14 10:51:42'),(594,14,'2018-05-31',0,0,0,0,0,'08:53:11','15:02:23','2018-06-14 10:51:42','2018-06-14 10:51:42'),(595,14,'2018-06-04',0,0,0,0,0,'08:53:11','15:02:23','2018-06-14 10:51:42','2018-06-14 10:51:42'),(596,14,'2018-06-05',0,0,0,0,0,'08:53:11','15:02:23','2018-06-14 10:51:42','2018-06-14 10:51:42'),(597,14,'2018-06-06',0,0,0,0,0,'08:53:11','15:02:23','2018-06-14 10:51:42','2018-06-14 10:51:42'),(598,14,'2018-06-07',0,0,0,0,0,'08:53:11','15:02:23','2018-06-14 10:51:42','2018-06-14 10:51:42'),(599,14,'2018-06-08',0,0,0,0,0,'08:53:11','15:02:23','2018-06-14 10:51:42','2018-06-14 10:51:42'),(600,14,'2018-06-11',0,0,0,0,0,'08:53:11','15:02:23','2018-06-14 10:51:42','2018-06-14 10:51:42'),(601,14,'2018-06-12',0,0,0,0,0,'08:53:11','15:02:23','2018-06-14 10:51:42','2018-06-14 10:51:42'),(602,14,'2018-06-13',0,0,0,0,0,'08:53:11','15:02:23','2018-06-14 10:51:42','2018-06-14 10:51:42'),(603,15,'2018-04-11',0,0,0,0,0,'08:53:11','15:02:23','2018-06-14 10:51:42','2018-06-14 10:51:42'),(604,15,'2018-04-12',0,0,0,0,0,'08:53:11','15:02:23','2018-06-14 10:51:42','2018-06-14 10:51:42'),(605,15,'2018-04-13',0,0,0,0,0,'08:53:11','15:02:23','2018-06-14 10:51:42','2018-06-14 10:51:42'),(606,15,'2018-04-16',0,0,0,0,0,'08:53:11','15:02:23','2018-06-14 10:51:42','2018-06-14 10:51:42'),(607,15,'2018-04-17',0,0,0,0,0,'08:53:11','15:02:23','2018-06-14 10:51:42','2018-06-14 10:51:42'),(608,15,'2018-04-18',0,0,0,0,0,'08:53:11','15:02:23','2018-06-14 10:51:42','2018-06-14 10:51:42'),(609,15,'2018-04-19',0,0,0,0,0,'08:53:11','15:02:23','2018-06-14 10:51:42','2018-06-14 10:51:42'),(610,15,'2018-04-20',0,0,0,0,0,'08:53:11','15:02:23','2018-06-14 10:51:42','2018-06-14 10:51:42'),(611,15,'2018-04-23',0,0,0,0,0,'08:53:11','15:02:23','2018-06-14 10:51:42','2018-06-14 10:51:42'),(612,15,'2018-04-24',0,0,0,0,0,'08:53:11','15:02:23','2018-06-14 10:51:42','2018-06-14 10:51:42'),(613,15,'2018-04-25',0,0,0,0,0,'08:53:11','15:02:23','2018-06-14 10:51:42','2018-06-14 10:51:42'),(614,15,'2018-04-26',0,0,0,0,0,'08:53:11','15:02:23','2018-06-14 10:51:42','2018-06-14 10:51:42'),(615,15,'2018-04-27',0,0,0,0,0,'08:53:11','15:02:23','2018-06-14 10:51:42','2018-06-14 10:51:42'),(616,15,'2018-04-30',0,0,0,0,0,'08:53:11','15:02:23','2018-06-14 10:51:42','2018-06-14 10:51:42'),(617,15,'2018-05-01',0,0,0,0,0,'08:53:11','15:02:23','2018-06-14 10:51:43','2018-06-14 10:51:43'),(618,15,'2018-05-02',0,0,0,0,0,'08:53:11','15:02:23','2018-06-14 10:51:43','2018-06-14 10:51:43'),(619,15,'2018-05-07',0,0,0,0,0,'08:53:11','15:02:23','2018-06-14 10:51:43','2018-06-14 10:51:43'),(620,15,'2018-05-08',0,0,0,0,0,'08:53:11','15:02:23','2018-06-14 10:51:43','2018-06-14 10:51:43'),(621,15,'2018-05-09',0,0,0,0,0,'08:53:11','15:02:23','2018-06-14 10:51:43','2018-06-14 10:51:43'),(622,15,'2018-05-10',0,0,0,0,0,'08:53:11','15:02:23','2018-06-14 10:51:43','2018-06-14 10:51:43'),(623,15,'2018-05-11',0,0,0,0,0,'08:53:11','15:02:23','2018-06-14 10:51:43','2018-06-14 10:51:43'),(624,15,'2018-05-14',0,0,0,0,0,'08:53:11','15:02:23','2018-06-14 10:51:43','2018-06-14 10:51:43'),(625,15,'2018-05-15',0,0,0,0,0,'08:53:11','15:02:23','2018-06-14 10:51:43','2018-06-14 10:51:43'),(626,15,'2018-05-16',0,0,0,0,0,'08:53:11','15:02:23','2018-06-14 10:51:43','2018-06-14 10:51:43'),(627,15,'2018-05-17',0,0,0,0,0,'08:53:11','15:02:23','2018-06-14 10:51:43','2018-06-14 10:51:43'),(628,15,'2018-05-18',0,0,0,0,0,'08:53:11','15:02:23','2018-06-14 10:51:43','2018-06-14 10:51:43'),(629,15,'2018-05-21',0,0,0,0,0,'08:53:11','15:02:23','2018-06-14 10:51:43','2018-06-14 10:51:43'),(630,15,'2018-05-22',0,0,0,0,0,'08:53:11','15:02:23','2018-06-14 10:51:43','2018-06-14 10:51:43'),(631,15,'2018-05-23',0,0,0,0,0,'08:53:11','15:02:23','2018-06-14 10:51:43','2018-06-14 10:51:43'),(632,15,'2018-05-24',0,0,0,0,0,'08:53:11','15:02:23','2018-06-14 10:51:43','2018-06-14 10:51:43'),(633,15,'2018-05-25',0,0,0,0,0,'08:53:11','15:02:23','2018-06-14 10:51:43','2018-06-14 10:51:43'),(634,15,'2018-05-28',0,0,0,0,0,'08:53:11','15:02:23','2018-06-14 10:51:43','2018-06-14 10:51:43'),(635,15,'2018-05-29',0,0,0,0,0,'08:53:11','15:02:23','2018-06-14 10:51:43','2018-06-14 10:51:43'),(636,15,'2018-05-30',0,0,0,0,0,'08:53:11','15:02:23','2018-06-14 10:51:43','2018-06-14 10:51:43'),(637,15,'2018-05-31',0,0,0,0,0,'08:53:11','15:02:23','2018-06-14 10:51:43','2018-06-14 10:51:43'),(638,15,'2018-06-04',0,0,0,0,0,'08:53:11','15:02:23','2018-06-14 10:51:43','2018-06-14 10:51:43'),(639,15,'2018-06-05',0,0,0,0,0,'08:53:11','15:02:23','2018-06-14 10:51:43','2018-06-14 10:51:43'),(640,15,'2018-06-06',0,0,0,0,0,'08:53:11','15:02:23','2018-06-14 10:51:43','2018-06-14 10:51:43'),(641,15,'2018-06-07',0,0,0,0,0,'08:53:11','15:02:23','2018-06-14 10:51:43','2018-06-14 10:51:43'),(642,15,'2018-06-08',0,0,0,0,0,'08:53:11','15:02:23','2018-06-14 10:51:43','2018-06-14 10:51:43'),(643,15,'2018-06-11',0,0,0,0,0,'08:53:11','15:02:23','2018-06-14 10:51:43','2018-06-14 10:51:43'),(644,15,'2018-06-12',0,0,0,0,0,'08:53:11','15:02:23','2018-06-14 10:51:43','2018-06-14 10:51:43'),(645,15,'2018-06-13',0,0,0,0,0,'08:53:11','15:02:23','2018-06-14 10:51:43','2018-06-14 10:51:43'),(646,1,'2018-06-14',0,0,0,0,0,'09:10:00','14:50:00','2018-06-14 11:35:12','2018-06-14 11:35:12'),(647,2,'2018-06-14',1,0,0,0,0,'09:35:00','14:50:00','2018-06-14 11:35:12','2018-06-14 13:22:26'),(648,3,'2018-06-14',0,0,0,0,0,'09:20:00','14:50:00','2018-06-14 11:35:12','2018-06-19 10:48:57'),(649,4,'2018-06-14',6,6,6,6,6,'09:10:00',NULL,'2018-06-14 11:35:12','2018-06-14 11:36:12'),(650,5,'2018-06-14',6,6,6,6,6,'09:10:00',NULL,'2018-06-14 11:35:12','2018-06-14 11:36:12'),(651,6,'2018-06-14',6,6,6,6,6,'09:10:00',NULL,'2018-06-14 11:35:12','2018-06-14 11:36:12'),(652,7,'2018-06-14',6,6,6,6,6,'09:10:00',NULL,'2018-06-14 11:35:12','2018-06-14 11:36:12'),(653,8,'2018-06-14',6,6,6,6,6,'09:10:00',NULL,'2018-06-14 11:35:12','2018-06-14 11:36:12'),(654,9,'2018-06-14',6,6,6,6,6,'09:10:00','11:36:57','2018-06-14 11:35:12','2018-06-14 11:36:57'),(655,10,'2018-06-14',6,6,6,6,6,'09:10:00',NULL,'2018-06-14 11:35:12','2018-06-14 11:36:13'),(656,11,'2018-06-14',6,6,6,6,6,'09:10:00',NULL,'2018-06-14 11:35:12','2018-06-14 11:36:13'),(657,12,'2018-06-14',6,6,6,6,6,'09:10:00',NULL,'2018-06-14 11:35:12','2018-06-14 11:36:13'),(658,13,'2018-06-14',6,6,6,6,6,'09:10:00',NULL,'2018-06-14 11:35:12','2018-06-14 11:36:13'),(659,14,'2018-06-14',6,6,6,6,6,'09:10:00',NULL,'2018-06-14 11:35:12','2018-06-14 11:36:13'),(660,15,'2018-06-14',6,6,6,6,6,'09:10:00',NULL,'2018-06-14 11:35:12','2018-06-14 11:36:13');
/*!40000 ALTER TABLE `attendances` ENABLE KEYS */;
UNLOCK TABLES;

--
-- Table structure for table `schema_migrations`
--

DROP TABLE IF EXISTS `schema_migrations`;
/*!40101 SET @saved_cs_client     = @@character_set_client */;
/*!40101 SET character_set_client = utf8 */;
CREATE TABLE `schema_migrations` (
  `version` varchar(255) NOT NULL,
  PRIMARY KEY (`version`)
) ENGINE=InnoDB DEFAULT CHARSET=utf8;
/*!40101 SET character_set_client = @saved_cs_client */;

--
-- Dumping data for table `schema_migrations`
--

LOCK TABLES `schema_migrations` WRITE;
/*!40000 ALTER TABLE `schema_migrations` DISABLE KEYS */;
INSERT INTO `schema_migrations` VALUES ('20180606025750'),('20180606030004'),('20180606030234');
/*!40000 ALTER TABLE `schema_migrations` ENABLE KEYS */;
UNLOCK TABLES;

--
-- Table structure for table `school_days`
--

DROP TABLE IF EXISTS `school_days`;
/*!40101 SET @saved_cs_client     = @@character_set_client */;
/*!40101 SET character_set_client = utf8 */;
CREATE TABLE `school_days` (
  `date` date NOT NULL,
  `school_flag` tinyint(1) NOT NULL,
  `created_at` datetime NOT NULL,
  `updated_at` datetime NOT NULL,
  PRIMARY KEY (`date`)
) ENGINE=InnoDB DEFAULT CHARSET=utf8;
/*!40101 SET character_set_client = @saved_cs_client */;

--
-- Dumping data for table `school_days`
--

LOCK TABLES `school_days` WRITE;
/*!40000 ALTER TABLE `school_days` DISABLE KEYS */;
INSERT INTO `school_days` VALUES ('2018-04-01',0,'2018-06-14 10:52:18','2018-06-14 10:52:18'),('2018-04-02',1,'2018-06-14 10:52:18','2018-06-14 10:52:18'),('2018-04-03',1,'2018-06-14 10:52:18','2018-06-14 10:52:18'),('2018-04-04',1,'2018-06-14 10:52:18','2018-06-14 10:52:18'),('2018-04-05',1,'2018-06-14 10:52:18','2018-06-14 10:52:18'),('2018-04-06',1,'2018-06-14 10:52:18','2018-06-14 10:52:18'),('2018-04-07',0,'2018-06-14 10:52:18','2018-06-14 10:52:18'),('2018-04-08',0,'2018-06-14 10:52:18','2018-06-14 10:52:18'),('2018-04-09',1,'2018-06-14 10:52:18','2018-06-14 10:52:18'),('2018-04-10',1,'2018-06-14 10:52:18','2018-06-14 10:52:18'),('2018-04-11',1,'2018-06-14 10:52:18','2018-06-14 10:52:18'),('2018-04-12',1,'2018-06-14 10:52:18','2018-06-14 10:52:18'),('2018-04-13',1,'2018-06-14 10:52:18','2018-06-14 10:52:18'),('2018-04-14',0,'2018-06-14 10:52:18','2018-06-14 10:52:18'),('2018-04-15',0,'2018-06-14 10:52:18','2018-06-14 10:52:18'),('2018-04-16',1,'2018-06-14 10:52:18','2018-06-14 10:52:18'),('2018-04-17',1,'2018-06-14 10:52:18','2018-06-14 10:52:18'),('2018-04-18',1,'2018-06-14 10:52:18','2018-06-14 10:52:18'),('2018-04-19',1,'2018-06-14 10:52:18','2018-06-14 10:52:18'),('2018-04-20',1,'2018-06-14 10:52:18','2018-06-14 10:52:18'),('2018-04-21',0,'2018-06-14 10:52:18','2018-06-14 10:52:18'),('2018-04-22',0,'2018-06-14 10:52:18','2018-06-14 10:52:18'),('2018-04-23',1,'2018-06-14 10:52:18','2018-06-14 10:52:18'),('2018-04-24',1,'2018-06-14 10:52:18','2018-06-14 10:52:18'),('2018-04-25',1,'2018-06-14 10:52:18','2018-06-14 10:52:18'),('2018-04-26',1,'2018-06-14 10:52:18','2018-06-14 10:52:18'),('2018-04-27',1,'2018-06-14 10:52:18','2018-06-14 10:52:18'),('2018-04-28',0,'2018-06-14 10:52:18','2018-06-14 10:52:18'),('2018-04-29',0,'2018-06-14 10:52:18','2018-06-14 10:52:18'),('2018-04-30',0,'2018-06-14 10:52:18','2018-06-14 10:52:18'),('2018-05-01',1,'2018-06-14 10:52:18','2018-06-14 10:52:18'),('2018-05-02',1,'2018-06-14 10:52:18','2018-06-14 10:52:18'),('2018-05-03',0,'2018-06-14 10:52:18','2018-06-14 10:52:18'),('2018-05-04',0,'2018-06-14 10:52:18','2018-06-14 10:52:18'),('2018-05-05',0,'2018-06-14 10:52:18','2018-06-14 10:52:18'),('2018-05-06',0,'2018-06-14 10:52:18','2018-06-14 10:52:18'),('2018-05-07',1,'2018-06-14 10:52:18','2018-06-14 10:52:18'),('2018-05-08',1,'2018-06-14 10:52:18','2018-06-14 10:52:18'),('2018-05-09',1,'2018-06-14 10:52:18','2018-06-14 10:52:18'),('2018-05-10',1,'2018-06-14 10:52:18','2018-06-14 10:52:18'),('2018-05-11',1,'2018-06-14 10:52:18','2018-06-14 10:52:18'),('2018-05-12',0,'2018-06-14 10:52:18','2018-06-14 10:52:18'),('2018-05-13',0,'2018-06-14 10:52:18','2018-06-14 10:52:18'),('2018-05-14',1,'2018-06-14 10:52:19','2018-06-14 10:52:19'),('2018-05-15',1,'2018-06-14 10:52:19','2018-06-14 10:52:19'),('2018-05-16',1,'2018-06-14 10:52:19','2018-06-14 10:52:19'),('2018-05-17',1,'2018-06-14 10:52:19','2018-06-14 10:52:19'),('2018-05-18',1,'2018-06-14 10:52:19','2018-06-14 10:52:19'),('2018-05-19',0,'2018-06-14 10:52:19','2018-06-14 10:52:19'),('2018-05-20',0,'2018-06-14 10:52:19','2018-06-14 10:52:19'),('2018-05-21',1,'2018-06-14 10:52:19','2018-06-14 10:52:19'),('2018-05-22',1,'2018-06-14 10:52:19','2018-06-14 10:52:19'),('2018-05-23',1,'2018-06-14 10:52:19','2018-06-14 10:52:19'),('2018-05-24',1,'2018-06-14 10:52:19','2018-06-14 10:52:19'),('2018-05-25',1,'2018-06-14 10:52:19','2018-06-14 10:52:19'),('2018-05-26',0,'2018-06-14 10:52:19','2018-06-14 10:52:19'),('2018-05-27',0,'2018-06-14 10:52:19','2018-06-14 10:52:19'),('2018-05-28',1,'2018-06-14 10:52:19','2018-06-14 10:52:19'),('2018-05-29',1,'2018-06-14 10:52:19','2018-06-14 10:52:19'),('2018-05-30',1,'2018-06-14 10:52:19','2018-06-14 10:52:19'),('2018-05-31',1,'2018-06-14 10:52:19','2018-06-14 10:52:19'),('2018-06-01',0,'2018-06-14 10:52:19','2018-06-14 10:52:19'),('2018-06-02',0,'2018-06-14 10:52:19','2018-06-14 10:52:19'),('2018-06-03',0,'2018-06-14 10:52:19','2018-06-14 10:52:19'),('2018-06-04',1,'2018-06-14 10:52:19','2018-06-14 10:52:19'),('2018-06-05',1,'2018-06-14 10:52:19','2018-06-14 10:52:19'),('2018-06-06',1,'2018-06-14 10:52:19','2018-06-14 10:52:19'),('2018-06-07',1,'2018-06-14 10:52:19','2018-06-14 10:52:19'),('2018-06-08',1,'2018-06-14 10:52:19','2018-06-14 10:52:19'),('2018-06-09',0,'2018-06-14 10:52:19','2018-06-14 10:52:19'),('2018-06-10',0,'2018-06-14 10:52:19','2018-06-14 10:52:19'),('2018-06-11',1,'2018-06-14 10:52:19','2018-06-14 10:52:19'),('2018-06-12',1,'2018-06-14 10:52:19','2018-06-14 10:52:19'),('2018-06-13',1,'2018-06-14 10:52:19','2018-06-14 10:52:19'),('2018-06-14',1,'2018-06-14 10:52:19','2018-06-14 10:52:19'),('2018-06-15',1,'2018-06-14 10:52:19','2018-06-14 10:52:19'),('2018-06-16',0,'2018-06-14 10:52:19','2018-06-14 10:52:19'),('2018-06-17',0,'2018-06-14 10:52:19','2018-06-14 10:52:19'),('2018-06-18',1,'2018-06-14 10:52:19','2018-06-14 10:52:19'),('2018-06-19',1,'2018-06-14 10:52:19','2018-06-14 10:52:19'),('2018-06-20',1,'2018-06-14 10:52:19','2018-06-14 10:52:19'),('2018-06-21',1,'2018-06-14 10:52:19','2018-06-14 10:52:19'),('2018-06-22',1,'2018-06-14 10:52:19','2018-06-14 10:52:19'),('2018-06-23',0,'2018-06-14 10:52:19','2018-06-14 10:52:19'),('2018-06-24',0,'2018-06-14 10:52:19','2018-06-14 10:52:19'),('2018-06-25',1,'2018-06-14 10:52:19','2018-06-14 10:52:19'),('2018-06-26',1,'2018-06-14 10:52:20','2018-06-14 10:52:20'),('2018-06-27',1,'2018-06-14 10:52:20','2018-06-14 10:52:20'),('2018-06-28',1,'2018-06-14 10:52:20','2018-06-14 10:52:20'),('2018-06-29',1,'2018-06-14 10:52:20','2018-06-14 10:52:20'),('2018-06-30',0,'2018-06-14 10:52:20','2018-06-14 10:52:20'),('2018-07-01',0,'2018-06-14 10:52:20','2018-06-14 10:52:20'),('2018-07-02',1,'2018-06-14 10:52:20','2018-06-14 10:52:20'),('2018-07-03',1,'2018-06-14 10:52:20','2018-06-14 10:52:20'),('2018-07-04',1,'2018-06-14 10:52:20','2018-06-14 10:52:20'),('2018-07-05',1,'2018-06-14 10:52:20','2018-06-14 10:52:20'),('2018-07-06',1,'2018-06-14 10:52:20','2018-06-14 10:52:20'),('2018-07-07',0,'2018-06-14 10:52:20','2018-06-14 10:52:20'),('2018-07-08',0,'2018-06-14 10:52:20','2018-06-14 10:52:20'),('2018-07-09',1,'2018-06-14 10:52:20','2018-06-14 10:52:20'),('2018-07-10',1,'2018-06-14 10:52:20','2018-06-14 10:52:20'),('2018-07-11',1,'2018-06-14 10:52:20','2018-06-14 10:52:20'),('2018-07-12',1,'2018-06-14 10:52:20','2018-06-14 10:52:20'),('2018-07-13',1,'2018-06-14 10:52:20','2018-06-14 10:52:20'),('2018-07-14',0,'2018-06-14 10:52:20','2018-06-14 10:52:20'),('2018-07-15',0,'2018-06-14 10:52:20','2018-06-14 10:52:20'),('2018-07-16',0,'2018-06-14 10:52:20','2018-06-14 10:52:20'),('2018-07-17',1,'2018-06-14 10:52:20','2018-06-14 10:52:20'),('2018-07-18',1,'2018-06-14 10:52:20','2018-06-14 10:52:20'),('2018-07-19',1,'2018-06-14 10:52:20','2018-06-14 10:52:20'),('2018-07-20',1,'2018-06-14 10:52:20','2018-06-14 10:52:20'),('2018-07-21',0,'2018-06-14 10:52:20','2018-06-14 10:52:20'),('2018-07-22',0,'2018-06-14 10:52:20','2018-06-14 10:52:20'),('2018-07-23',1,'2018-06-14 10:52:20','2018-06-14 10:52:20'),('2018-07-24',1,'2018-06-14 10:52:20','2018-06-14 10:52:20'),('2018-07-25',1,'2018-06-14 10:52:20','2018-06-14 10:52:20'),('2018-07-26',1,'2018-06-14 10:52:20','2018-06-14 10:52:20'),('2018-07-27',1,'2018-06-14 10:52:20','2018-06-14 10:52:20'),('2018-07-28',0,'2018-06-14 10:52:20','2018-06-14 10:52:20'),('2018-07-29',0,'2018-06-14 10:52:20','2018-06-14 10:52:20'),('2018-07-30',1,'2018-06-14 10:52:20','2018-06-14 10:52:20'),('2018-07-31',1,'2018-06-14 10:52:20','2018-06-14 10:52:20'),('2018-08-01',1,'2018-06-14 10:52:20','2018-06-14 10:52:20'),('2018-08-02',1,'2018-06-14 10:52:20','2018-06-14 10:52:20'),('2018-08-03',1,'2018-06-14 10:52:20','2018-06-14 10:52:20'),('2018-08-04',0,'2018-06-14 10:52:20','2018-06-14 10:52:20'),('2018-08-05',0,'2018-06-14 10:52:20','2018-06-14 10:52:20'),('2018-08-06',1,'2018-06-14 10:52:20','2018-06-14 10:52:20'),('2018-08-07',1,'2018-06-14 10:52:20','2018-06-14 10:52:20'),('2018-08-08',1,'2018-06-14 10:52:21','2018-06-14 10:52:21'),('2018-08-09',1,'2018-06-14 10:52:21','2018-06-14 10:52:21'),('2018-08-10',1,'2018-06-14 10:52:21','2018-06-14 10:52:21'),('2018-08-11',0,'2018-06-14 10:52:21','2018-06-14 10:52:21'),('2018-08-12',0,'2018-06-14 10:52:21','2018-06-14 10:52:21'),('2018-08-13',1,'2018-06-14 10:52:21','2018-06-14 10:52:21'),('2018-08-14',1,'2018-06-14 10:52:21','2018-06-14 10:52:21'),('2018-08-15',1,'2018-06-14 10:52:21','2018-06-14 10:52:21'),('2018-08-16',1,'2018-06-14 10:52:21','2018-06-14 10:52:21'),('2018-08-17',1,'2018-06-14 10:52:21','2018-06-14 10:52:21'),('2018-08-18',0,'2018-06-14 10:52:21','2018-06-14 10:52:21'),('2018-08-19',0,'2018-06-14 10:52:21','2018-06-14 10:52:21'),('2018-08-20',1,'2018-06-14 10:52:21','2018-06-14 10:52:21'),('2018-08-21',1,'2018-06-14 10:52:21','2018-06-14 10:52:21'),('2018-08-22',1,'2018-06-14 10:52:21','2018-06-14 10:52:21'),('2018-08-23',1,'2018-06-14 10:52:21','2018-06-14 10:52:21'),('2018-08-24',1,'2018-06-14 10:52:21','2018-06-14 10:52:21'),('2018-08-25',0,'2018-06-14 10:52:21','2018-06-14 10:52:21'),('2018-08-26',0,'2018-06-14 10:52:21','2018-06-14 10:52:21'),('2018-08-27',1,'2018-06-14 10:52:21','2018-06-14 10:52:21'),('2018-08-28',1,'2018-06-14 10:52:21','2018-06-14 10:52:21'),('2018-08-29',1,'2018-06-14 10:52:21','2018-06-14 10:52:21'),('2018-08-30',1,'2018-06-14 10:52:21','2018-06-14 10:52:21'),('2018-08-31',1,'2018-06-14 10:52:21','2018-06-14 10:52:21'),('2018-09-01',0,'2018-06-14 10:52:21','2018-06-14 10:52:21'),('2018-09-02',0,'2018-06-14 10:52:21','2018-06-14 10:52:21'),('2018-09-03',1,'2018-06-14 10:52:21','2018-06-14 10:52:21'),('2018-09-04',1,'2018-06-14 10:52:21','2018-06-14 10:52:21'),('2018-09-05',1,'2018-06-14 10:52:21','2018-06-14 10:52:21'),('2018-09-06',1,'2018-06-14 10:52:21','2018-06-14 10:52:21'),('2018-09-07',1,'2018-06-14 10:52:21','2018-06-14 10:52:21'),('2018-09-08',0,'2018-06-14 10:52:21','2018-06-14 10:52:21'),('2018-09-09',0,'2018-06-14 10:52:21','2018-06-14 10:52:21'),('2018-09-10',1,'2018-06-14 10:52:21','2018-06-14 10:52:21'),('2018-09-11',1,'2018-06-14 10:52:21','2018-06-14 10:52:21'),('2018-09-12',1,'2018-06-14 10:52:21','2018-06-14 10:52:21'),('2018-09-13',0,'2018-06-14 10:52:21','2018-06-14 10:52:21'),('2018-09-14',0,'2018-06-14 10:52:21','2018-06-14 10:52:21'),('2018-09-15',0,'2018-06-14 10:52:21','2018-06-14 10:52:21'),('2018-09-16',0,'2018-06-14 10:52:21','2018-06-14 10:52:21'),('2018-09-17',0,'2018-06-14 10:52:21','2018-06-14 10:52:21'),('2018-09-18',0,'2018-06-14 10:52:21','2018-06-14 10:52:21'),('2018-09-19',0,'2018-06-14 10:52:21','2018-06-14 10:52:21'),('2018-09-20',0,'2018-06-14 10:52:22','2018-06-14 10:52:22'),('2018-09-21',0,'2018-06-14 10:52:22','2018-06-14 10:52:22'),('2018-09-22',0,'2018-06-14 10:52:22','2018-06-14 10:52:22'),('2018-09-23',0,'2018-06-14 10:52:22','2018-06-14 10:52:22'),('2018-09-24',0,'2018-06-14 10:52:22','2018-06-14 10:52:22'),('2018-09-25',1,'2018-06-14 10:52:22','2018-06-14 10:52:22'),('2018-09-26',1,'2018-06-14 10:52:22','2018-06-14 10:52:22'),('2018-09-27',1,'2018-06-14 10:52:22','2018-06-14 10:52:22'),('2018-09-28',1,'2018-06-14 10:52:22','2018-06-14 10:52:22'),('2018-09-29',0,'2018-06-14 10:52:22','2018-06-14 10:52:22'),('2018-09-30',0,'2018-06-14 10:52:22','2018-06-14 10:52:22'),('2018-10-01',1,'2018-06-14 10:52:22','2018-06-14 10:52:22'),('2018-10-02',1,'2018-06-14 10:52:22','2018-06-14 10:52:22'),('2018-10-03',1,'2018-06-14 10:52:22','2018-06-14 10:52:22'),('2018-10-04',1,'2018-06-14 10:52:22','2018-06-14 10:52:22'),('2018-10-05',1,'2018-06-14 10:52:22','2018-06-14 10:52:22'),('2018-10-06',0,'2018-06-14 10:52:22','2018-06-14 10:52:22'),('2018-10-07',0,'2018-06-14 10:52:22','2018-06-14 10:52:22'),('2018-10-08',0,'2018-06-14 10:52:22','2018-06-14 10:52:22'),('2018-10-09',1,'2018-06-14 10:52:22','2018-06-14 10:52:22'),('2018-10-10',1,'2018-06-14 10:52:22','2018-06-14 10:52:22'),('2018-10-11',1,'2018-06-14 10:52:22','2018-06-14 10:52:22'),('2018-10-12',1,'2018-06-14 10:52:22','2018-06-14 10:52:22'),('2018-10-13',0,'2018-06-14 10:52:22','2018-06-14 10:52:22'),('2018-10-14',0,'2018-06-14 10:52:22','2018-06-14 10:52:22'),('2018-10-15',1,'2018-06-14 10:52:22','2018-06-14 10:52:22'),('2018-10-16',1,'2018-06-14 10:52:22','2018-06-14 10:52:22'),('2018-10-17',1,'2018-06-14 10:52:22','2018-06-14 10:52:22'),('2018-10-18',1,'2018-06-14 10:52:22','2018-06-14 10:52:22'),('2018-10-19',1,'2018-06-14 10:52:22','2018-06-14 10:52:22'),('2018-10-20',0,'2018-06-14 10:52:22','2018-06-14 10:52:22'),('2018-10-21',0,'2018-06-14 10:52:22','2018-06-14 10:52:22'),('2018-10-22',1,'2018-06-14 10:52:22','2018-06-14 10:52:22'),('2018-10-23',1,'2018-06-14 10:52:22','2018-06-14 10:52:22'),('2018-10-24',1,'2018-06-14 10:52:22','2018-06-14 10:52:22'),('2018-10-25',1,'2018-06-14 10:52:22','2018-06-14 10:52:22'),('2018-10-26',1,'2018-06-14 10:52:22','2018-06-14 10:52:22'),('2018-10-27',0,'2018-06-14 10:52:22','2018-06-14 10:52:22'),('2018-10-28',0,'2018-06-14 10:52:22','2018-06-14 10:52:22'),('2018-10-29',1,'2018-06-14 10:52:22','2018-06-14 10:52:22'),('2018-10-30',1,'2018-06-14 10:52:22','2018-06-14 10:52:22'),('2018-10-31',1,'2018-06-14 10:52:22','2018-06-14 10:52:22'),('2018-11-01',1,'2018-06-14 10:52:23','2018-06-14 10:52:23'),('2018-11-02',1,'2018-06-14 10:52:23','2018-06-14 10:52:23'),('2018-11-03',0,'2018-06-14 10:52:23','2018-06-14 10:52:23'),('2018-11-04',0,'2018-06-14 10:52:23','2018-06-14 10:52:23'),('2018-11-05',1,'2018-06-14 10:52:23','2018-06-14 10:52:23'),('2018-11-06',1,'2018-06-14 10:52:23','2018-06-14 10:52:23'),('2018-11-07',1,'2018-06-14 10:52:23','2018-06-14 10:52:23'),('2018-11-08',1,'2018-06-14 10:52:23','2018-06-14 10:52:23'),('2018-11-09',1,'2018-06-14 10:52:23','2018-06-14 10:52:23'),('2018-11-10',0,'2018-06-14 10:52:23','2018-06-14 10:52:23'),('2018-11-11',0,'2018-06-14 10:52:23','2018-06-14 10:52:23'),('2018-11-12',1,'2018-06-14 10:52:23','2018-06-14 10:52:23'),('2018-11-13',1,'2018-06-14 10:52:23','2018-06-14 10:52:23'),('2018-11-14',1,'2018-06-14 10:52:23','2018-06-14 10:52:23'),('2018-11-15',1,'2018-06-14 10:52:23','2018-06-14 10:52:23'),('2018-11-16',1,'2018-06-14 10:52:23','2018-06-14 10:52:23'),('2018-11-17',0,'2018-06-14 10:52:23','2018-06-14 10:52:23'),('2018-11-18',0,'2018-06-14 10:52:23','2018-06-14 10:52:23'),('2018-11-19',1,'2018-06-14 10:52:23','2018-06-14 10:52:23'),('2018-11-20',1,'2018-06-14 10:52:23','2018-06-14 10:52:23'),('2018-11-21',1,'2018-06-14 10:52:23','2018-06-14 10:52:23'),('2018-11-22',1,'2018-06-14 10:52:23','2018-06-14 10:52:23'),('2018-11-23',0,'2018-06-14 10:52:23','2018-06-14 10:52:23'),('2018-11-24',0,'2018-06-14 10:52:23','2018-06-14 10:52:23'),('2018-11-25',0,'2018-06-14 10:52:23','2018-06-14 10:52:23'),('2018-11-26',1,'2018-06-14 10:52:23','2018-06-14 10:52:23'),('2018-11-27',1,'2018-06-14 10:52:23','2018-06-14 10:52:23'),('2018-11-28',1,'2018-06-14 10:52:23','2018-06-14 10:52:23'),('2018-11-29',1,'2018-06-14 10:52:23','2018-06-14 10:52:23'),('2018-11-30',1,'2018-06-14 10:52:23','2018-06-14 10:52:23'),('2018-12-01',0,'2018-06-14 10:52:23','2018-06-14 10:52:23'),('2018-12-02',0,'2018-06-14 10:52:23','2018-06-14 10:52:23'),('2018-12-03',1,'2018-06-14 10:52:23','2018-06-14 10:52:23'),('2018-12-04',1,'2018-06-14 10:52:23','2018-06-14 10:52:23'),('2018-12-05',1,'2018-06-14 10:52:23','2018-06-14 10:52:23'),('2018-12-06',1,'2018-06-14 10:52:23','2018-06-14 10:52:23'),('2018-12-07',1,'2018-06-14 10:52:23','2018-06-14 10:52:23'),('2018-12-08',0,'2018-06-14 10:52:23','2018-06-14 10:52:23'),('2018-12-09',0,'2018-06-14 10:52:23','2018-06-14 10:52:23'),('2018-12-10',1,'2018-06-14 10:52:23','2018-06-14 10:52:23'),('2018-12-11',1,'2018-06-14 10:52:23','2018-06-14 10:52:23'),('2018-12-12',1,'2018-06-14 10:52:23','2018-06-14 10:52:23'),('2018-12-13',1,'2018-06-14 10:52:24','2018-06-14 10:52:24'),('2018-12-14',1,'2018-06-14 10:52:24','2018-06-14 10:52:24'),('2018-12-15',0,'2018-06-14 10:52:24','2018-06-14 10:52:24'),('2018-12-16',0,'2018-06-14 10:52:24','2018-06-14 10:52:24'),('2018-12-17',1,'2018-06-14 10:52:24','2018-06-14 10:52:24'),('2018-12-18',1,'2018-06-14 10:52:24','2018-06-14 10:52:24'),('2018-12-19',1,'2018-06-14 10:52:24','2018-06-14 10:52:24'),('2018-12-20',1,'2018-06-14 10:52:24','2018-06-14 10:52:24'),('2018-12-21',1,'2018-06-14 10:52:24','2018-06-14 10:52:24'),('2018-12-22',0,'2018-06-14 10:52:24','2018-06-14 10:52:24'),('2018-12-23',0,'2018-06-14 10:52:24','2018-06-14 10:52:24'),('2018-12-24',0,'2018-06-14 10:52:24','2018-06-14 10:52:24'),('2018-12-25',1,'2018-06-14 10:52:24','2018-06-14 10:52:24'),('2018-12-26',1,'2018-06-14 10:52:24','2018-06-14 10:52:24'),('2018-12-27',1,'2018-06-14 10:52:24','2018-06-14 10:52:24'),('2018-12-28',1,'2018-06-14 10:52:24','2018-06-14 10:52:24'),('2018-12-29',0,'2018-06-14 10:52:24','2018-06-14 10:52:24'),('2018-12-30',0,'2018-06-14 10:52:24','2018-06-14 10:52:24'),('2018-12-31',1,'2018-06-14 10:52:24','2018-06-14 10:52:24'),('2019-01-01',0,'2018-06-14 10:52:24','2018-06-14 10:52:24'),('2019-01-02',1,'2018-06-14 10:52:24','2018-06-14 10:52:24'),('2019-01-03',1,'2018-06-14 10:52:24','2018-06-14 10:52:24'),('2019-01-04',1,'2018-06-14 10:52:24','2018-06-14 10:52:24'),('2019-01-05',0,'2018-06-14 10:52:24','2018-06-14 10:52:24'),('2019-01-06',0,'2018-06-14 10:52:24','2018-06-14 10:52:24'),('2019-01-07',1,'2018-06-14 10:52:24','2018-06-14 10:52:24'),('2019-01-08',1,'2018-06-14 10:52:24','2018-06-14 10:52:24'),('2019-01-09',1,'2018-06-14 10:52:24','2018-06-14 10:52:24'),('2019-01-10',1,'2018-06-14 10:52:24','2018-06-14 10:52:24'),('2019-01-11',1,'2018-06-14 10:52:24','2018-06-14 10:52:24'),('2019-01-12',0,'2018-06-14 10:52:24','2018-06-14 10:52:24'),('2019-01-13',0,'2018-06-14 10:52:24','2018-06-14 10:52:24'),('2019-01-14',0,'2018-06-14 10:52:24','2018-06-14 10:52:24'),('2019-01-15',1,'2018-06-14 10:52:24','2018-06-14 10:52:24'),('2019-01-16',1,'2018-06-14 10:52:24','2018-06-14 10:52:24'),('2019-01-17',1,'2018-06-14 10:52:24','2018-06-14 10:52:24'),('2019-01-18',1,'2018-06-14 10:52:24','2018-06-14 10:52:24'),('2019-01-19',0,'2018-06-14 10:52:24','2018-06-14 10:52:24'),('2019-01-20',0,'2018-06-14 10:52:24','2018-06-14 10:52:24'),('2019-01-21',1,'2018-06-14 10:52:24','2018-06-14 10:52:24'),('2019-01-22',1,'2018-06-14 10:52:24','2018-06-14 10:52:24'),('2019-01-23',1,'2018-06-14 10:52:25','2018-06-14 10:52:25'),('2019-01-24',1,'2018-06-14 10:52:25','2018-06-14 10:52:25'),('2019-01-25',1,'2018-06-14 10:52:25','2018-06-14 10:52:25'),('2019-01-26',0,'2018-06-14 10:52:25','2018-06-14 10:52:25'),('2019-01-27',0,'2018-06-14 10:52:25','2018-06-14 10:52:25'),('2019-01-28',1,'2018-06-14 10:52:25','2018-06-14 10:52:25'),('2019-01-29',1,'2018-06-14 10:52:25','2018-06-14 10:52:25'),('2019-01-30',1,'2018-06-14 10:52:25','2018-06-14 10:52:25'),('2019-01-31',1,'2018-06-14 10:52:25','2018-06-14 10:52:25'),('2019-02-01',1,'2018-06-14 10:52:25','2018-06-14 10:52:25'),('2019-02-02',0,'2018-06-14 10:52:25','2018-06-14 10:52:25'),('2019-02-03',0,'2018-06-14 10:52:25','2018-06-14 10:52:25'),('2019-02-04',1,'2018-06-14 10:52:25','2018-06-14 10:52:25'),('2019-02-05',1,'2018-06-14 10:52:25','2018-06-14 10:52:25'),('2019-02-06',1,'2018-06-14 10:52:25','2018-06-14 10:52:25'),('2019-02-07',1,'2018-06-14 10:52:25','2018-06-14 10:52:25'),('2019-02-08',1,'2018-06-14 10:52:25','2018-06-14 10:52:25'),('2019-02-09',0,'2018-06-14 10:52:25','2018-06-14 10:52:25'),('2019-02-10',0,'2018-06-14 10:52:25','2018-06-14 10:52:25'),('2019-02-11',0,'2018-06-14 10:52:25','2018-06-14 10:52:25'),('2019-02-12',1,'2018-06-14 10:52:25','2018-06-14 10:52:25'),('2019-02-13',1,'2018-06-14 10:52:25','2018-06-14 10:52:25'),('2019-02-14',1,'2018-06-14 10:52:25','2018-06-14 10:52:25'),('2019-02-15',1,'2018-06-14 10:52:25','2018-06-14 10:52:25'),('2019-02-16',0,'2018-06-14 10:52:25','2018-06-14 10:52:25'),('2019-02-17',0,'2018-06-14 10:52:25','2018-06-14 10:52:25'),('2019-02-18',0,'2018-06-14 10:52:25','2018-06-14 10:52:25'),('2019-02-19',0,'2018-06-14 10:52:25','2018-06-14 10:52:25'),('2019-02-20',0,'2018-06-14 10:52:25','2018-06-14 10:52:25'),('2019-02-21',0,'2018-06-14 10:52:25','2018-06-14 10:52:25'),('2019-02-22',0,'2018-06-14 10:52:25','2018-06-14 10:52:25'),('2019-02-23',0,'2018-06-14 10:52:25','2018-06-14 10:52:25'),('2019-02-24',0,'2018-06-14 10:52:25','2018-06-14 10:52:25'),('2019-02-25',0,'2018-06-14 10:52:25','2018-06-14 10:52:25'),('2019-02-26',0,'2018-06-14 10:52:25','2018-06-14 10:52:25'),('2019-02-27',0,'2018-06-14 10:52:25','2018-06-14 10:52:25'),('2019-02-28',0,'2018-06-14 10:52:25','2018-06-14 10:52:25'),('2019-03-01',0,'2018-06-14 10:52:25','2018-06-14 10:52:25'),('2019-03-02',0,'2018-06-14 10:52:25','2018-06-14 10:52:25'),('2019-03-03',0,'2018-06-14 10:52:25','2018-06-14 10:52:25'),('2019-03-04',0,'2018-06-14 10:52:25','2018-06-14 10:52:25'),('2019-03-05',0,'2018-06-14 10:52:25','2018-06-14 10:52:25'),('2019-03-06',0,'2018-06-14 10:52:25','2018-06-14 10:52:25'),('2019-03-07',0,'2018-06-14 10:52:25','2018-06-14 10:52:25'),('2019-03-08',0,'2018-06-14 10:52:26','2018-06-14 10:52:26'),('2019-03-09',0,'2018-06-14 10:52:26','2018-06-14 10:52:26'),('2019-03-10',0,'2018-06-14 10:52:26','2018-06-14 10:52:26'),('2019-03-11',0,'2018-06-14 10:52:26','2018-06-14 10:52:26'),('2019-03-12',0,'2018-06-14 10:52:26','2018-06-14 10:52:26'),('2019-03-13',0,'2018-06-14 10:52:26','2018-06-14 10:52:26'),('2019-03-14',0,'2018-06-14 10:52:26','2018-06-14 10:52:26'),('2019-03-15',0,'2018-06-14 10:52:26','2018-06-14 10:52:26'),('2019-03-16',0,'2018-06-14 10:52:26','2018-06-14 10:52:26'),('2019-03-17',0,'2018-06-14 10:52:26','2018-06-14 10:52:26'),('2019-03-18',0,'2018-06-14 10:52:26','2018-06-14 10:52:26'),('2019-03-19',0,'2018-06-14 10:52:26','2018-06-14 10:52:26'),('2019-03-20',0,'2018-06-14 10:52:26','2018-06-14 10:52:26'),('2019-03-21',0,'2018-06-14 10:52:26','2018-06-14 10:52:26'),('2019-03-22',0,'2018-06-14 10:52:26','2018-06-14 10:52:26'),('2019-03-23',0,'2018-06-14 10:52:26','2018-06-14 10:52:26'),('2019-03-24',0,'2018-06-14 10:52:26','2018-06-14 10:52:26'),('2019-03-25',0,'2018-06-14 10:52:26','2018-06-14 10:52:26'),('2019-03-26',0,'2018-06-14 10:52:26','2018-06-14 10:52:26'),('2019-03-27',0,'2018-06-14 10:52:26','2018-06-14 10:52:26'),('2019-03-28',0,'2018-06-14 10:52:26','2018-06-14 10:52:26'),('2019-03-29',0,'2018-06-14 10:52:26','2018-06-14 10:52:26'),('2019-03-30',0,'2018-06-14 10:52:26','2018-06-14 10:52:26'),('2019-03-31',0,'2018-06-14 10:52:26','2018-06-14 10:52:26'),('2019-04-01',0,'2018-06-14 10:52:26','2018-06-14 10:52:26');
/*!40000 ALTER TABLE `school_days` ENABLE KEYS */;
UNLOCK TABLES;

--
-- Table structure for table `users`
--

DROP TABLE IF EXISTS `users`;
/*!40101 SET @saved_cs_client     = @@character_set_client */;
/*!40101 SET character_set_client = utf8 */;
CREATE TABLE `users` (
  `id` bigint(20) NOT NULL AUTO_INCREMENT,
  `school_year` int(11) NOT NULL,
  `attendance_number` varchar(255) NOT NULL,
  `user_name` varchar(255) NOT NULL,
  `password` varchar(255) NOT NULL,
  `card_id` varchar(255) NOT NULL,
  `created_at` datetime NOT NULL,
  `updated_at` datetime NOT NULL,
  PRIMARY KEY (`id`)
) ENGINE=InnoDB AUTO_INCREMENT=27 DEFAULT CHARSET=utf8;
/*!40101 SET character_set_client = @saved_cs_client */;

--
-- Dumping data for table `users`
--

LOCK TABLES `users` WRITE;
/*!40000 ALTER TABLE `users` DISABLE KEYS */;
INSERT INTO `users` VALUES (1,2018,'0K01001',' ','0K01001','ic1','2018-06-14 10:51:31','2018-06-14 10:51:31'),(2,2018,'0K01002',' ','0K01002','ic2','2018-06-14 10:51:31','2018-06-14 10:51:31'),(3,2018,'0K01003',' ','0K01003','ic3','2018-06-14 10:51:31','2018-06-14 10:51:31'),(4,2018,'0K01004',' ','0K01004','ic4','2018-06-14 10:51:31','2018-06-14 10:51:31'),(5,2018,'0K01005',' ','0K01005','012E3D2334D4AC3D','2018-06-14 10:51:31','2018-06-14 10:51:31'),(6,2018,'0K01006',' ','0K01006','ic6','2018-06-14 10:51:31','2018-06-14 10:51:31'),(7,2018,'0K01007',' ','0K01007','ic7','2018-06-14 10:51:31','2018-06-14 10:51:31'),(8,2018,'0K01008',' ','0K01008','ic8','2018-06-14 10:51:31','2018-06-14 10:51:31'),(9,2018,'0K01009',' ','0K01009','012E3D2334D49D2E','2018-06-14 10:51:31','2018-06-14 10:51:31'),(10,2018,'0K01010',' ','0K01010','ic10','2018-06-14 10:51:31','2018-06-14 10:51:31'),(11,2018,'0K01011',' ','0K01011','012E3D2334D4A32D','2018-06-14 10:51:31','2018-06-14 10:51:31'),(12,2018,'0K01012',' ','0K01012','ic12','2018-06-14 10:51:31','2018-06-14 10:51:31'),(13,2018,'0K01013',' ','0K01013','ic13','2018-06-14 10:51:31','2018-06-14 10:51:31'),(14,2018,'0K01014',' ','0K01014','ic14','2018-06-14 10:51:31','2018-06-14 10:51:31'),(15,2018,'0K01015',' ','0K01015','ic15','2018-06-14 10:51:31','2018-06-14 10:51:31'),(16,2018,'teacher','','teacher','teacher','2018-06-14 10:51:31','2018-06-14 10:51:31'),(17,2018,'0K02001','1','0K02001','testic1','2018-06-14 11:40:08','2018-06-14 11:40:08'),(18,2018,'0K02002','2','0K02002','testic2','2018-06-14 11:40:08','2018-06-14 11:40:08'),(19,2018,'0K02001','1','0K02001','testic1','2018-06-14 14:19:44','2018-06-14 14:19:44'),(20,2018,'0K02002','2','0K02002','testic2','2018-06-14 14:19:44','2018-06-14 14:19:44'),(21,2018,'0K02001','1','0K02001','testic1','2018-06-14 14:25:30','2018-06-14 14:25:30'),(22,2018,'0K02002','2','0K02002','testic2','2018-06-14 14:25:30','2018-06-14 14:25:30'),(23,2018,'0K03001','1','0K03001','tesc3ic1','2018-06-14 14:27:33','2018-06-14 14:27:33'),(24,2018,'0K03002','2','0K03002','tesc3ic2','2018-06-14 14:27:33','2018-06-14 14:27:33'),(25,2018,'0K03001','1','0K03001','tesc3ic1','2018-06-14 14:29:01','2018-06-14 14:29:01'),(26,2018,'0K03002','2','0K03002','tesc3ic2','2018-06-14 14:29:01','2018-06-14 14:29:01');
/*!40000 ALTER TABLE `users` ENABLE KEYS */;
UNLOCK TABLES;
/*!40103 SET TIME_ZONE=@OLD_TIME_ZONE */;

/*!40101 SET SQL_MODE=@OLD_SQL_MODE */;
/*!40014 SET FOREIGN_KEY_CHECKS=@OLD_FOREIGN_KEY_CHECKS */;
/*!40014 SET UNIQUE_CHECKS=@OLD_UNIQUE_CHECKS */;
/*!40101 SET CHARACTER_SET_CLIENT=@OLD_CHARACTER_SET_CLIENT */;
/*!40101 SET CHARACTER_SET_RESULTS=@OLD_CHARACTER_SET_RESULTS */;
/*!40101 SET COLLATION_CONNECTION=@OLD_COLLATION_CONNECTION */;
/*!40111 SET SQL_NOTES=@OLD_SQL_NOTES */;

-- Dump completed on 2018-06-19 11:08:11
